source,external_id,title,price,mileage,location,link,first_seen,last_seen,days_on_market,is_delisted
autotrader,19_13055585_,1997 Honda CR-V,700,300000,VANCOUVER,https://www.autotrader.ca/a/honda/cr-v/vancouver/british%20columbia/19_13055585_/,2025-04-01T05:26:11,2025-04-09T15:35:08,8.423,1
autotrader,19_13064467_,2006 Honda CR-V 4WD EX Auto,4000,292000,SQUAMISH,https://www.autotrader.ca/a/honda/cr-v/squamish/british%20columbia/19_13064467_/,2025-04-01T05:26:11,2025-04-02T14:43:27,1.387,1
autotrader,19_13062268_,2001 Honda CR-V 4WD EX Auto,4800,320000,VANCOUVER,https://www.autotrader.ca/a/honda/cr-v/vancouver/british%20columbia/19_13062268_/,2025-04-01T05:26:11,2025-04-09T15:35:08,8.423,1
autotrader,65524107,2002 Toyota RAV4 4WD,4900,297545,RICHMOND,https://www.autotrader.ca/a/toyota/rav4/richmond/british%20columbia/5_65524107_20250219225513022/,2025-04-01T05:30:53,2025-04-09T15:35:08,8.42,1
autotrader,65932669,2002 Honda CR-V LX,4997,352723,RICHMOND,https://www.autotrader.ca/a/honda/cr-v/richmond/british%20columbia/5_65932669_bs2004414151741/,2025-04-09T15:35:08,2025-04-09T15:35:08,0.0,1
autotrader,68844064,2013 Mazda CX-5 FWD 4dr Auto GS,5490,326000,SURREY,https://www.autotrader.ca/a/mazda/cx-5/surrey/british%20columbia/5_68844064_20250929154111800/,2026-02-24T04:58:38,2026-02-24T04:58:38,0.0,0
autotrader,19_13256364_,2006 Honda CR-V 4WD EX-L Auto,5500,313000,MAPLE RIDGE,https://www.autotrader.ca/a/honda/cr-v/maple%20ridge/british%20columbia/19_13256364_/,2026-02-24T04:58:38,2026-02-24T04:58:38,0.0,0
autotrader,65583038,2002 Toyota RAV4 Auto 4WD [BC LOCAL / DEALER SERVICED],5995,260000,VANCOUVER,https://www.autotrader.ca/a/toyota/rav4/vancouver/british%20columbia/5_65583038_20250219164236420/,2025-04-01T05:30:53,2026-02-24T04:58:38,328.978,0
autotrader,19_13039197_,2002 Toyota RAV4 4dr Auto 4WD,6000,285000,DELTA,https://www.autotrader.ca/a/toyota/rav4/delta/british%20columbia/19_13039197_/,2025-04-01T05:30:53,2025-04-04T15:47:22,3.428,1
autotrader,19_13065073_,2009 Toyota RAV4 4WD 4dr I4 Base,6200,320000,SURREY,https://www.autotrader.ca/a/toyota/rav4/surrey/british%20columbia/19_13065073_/,2025-04-02T14:43:27,2025-04-09T15:35:08,7.036,1
autotrader,68324185,2005 Honda CR-V 4WD EX AT SE,6450,303000,NEW WESTMINSTER,https://www.autotrader.ca/a/honda/cr-v/new%20westminster/british%20columbia/5_68324185_20250616174827937/,2026-02-24T04:58:38,2026-02-24T04:58:38,0.0,0
autotrader,65769860,2003 Honda CR-V EX 4x4,6500,224734,RICHMOND,https://www.autotrader.ca/a/honda/cr-v/richmond/british%20columbia/5_65769860_20240507155345269/,2025-04-01T05:26:11,2025-04-09T15:35:08,8.423,1
autotrader,19_13063850_,2008 Honda CR-V 4WD 5dr LX,6500,233341,COLDSTREAM,https://www.autotrader.ca/a/honda/cr-v/coldstream/british%20columbia/19_13063850_/,2025-04-01T05:26:11,2025-04-07T13:41:28,6.344,1
autotrader,19_13062456_,2008 Honda CR-V 4WD 5dr EX-L w-Navi,6500,252000,SURREY,https://www.autotrader.ca/a/honda/cr-v/surrey/british%20columbia/19_13062456_/,2025-04-01T05:26:11,2025-04-09T15:35:08,8.423,1
autotrader,19_13028188_,2008 Honda CR-V 4WD 5dr EX,6500,280000,SURREY,https://www.autotrader.ca/a/honda/cr-v/surrey/british%20columbia/19_13028188_/,2025-04-01T05:26:11,2025-04-09T15:35:08,8.423,1
autotrader,65931065,2002 Honda CR-V EX-L Automatic 4WD Leather Sunroof FREE Warranty!!,6980,253133,VANCOUVER,https://www.autotrader.ca/a/honda/cr-v/vancouver/british%20columbia/5_65931065_20170130165445534/,2025-04-04T15:47:22,2025-04-07T13:41:28,2.913,1
autotrader,19_13063157_,2005 Honda CR-V 4WD LX Auto,7250,350000,VANCOUVER,https://www.autotrader.ca/a/honda/cr-v/vancouver/british%20columbia/19_13063157_/,2025-04-01T05:26:11,2025-04-09T15:35:08,8.423,1
autotrader,68957835,2010 Toyota RAV4 Base | Cruise Control!,7611,226930,VICTORIA,https://www.autotrader.ca/a/toyota/rav4/victoria/british%20columbia/5_68957835_20140304153549160/,2026-02-24T04:58:38,2026-02-24T04:58:38,0.0,0
autotrader,19_13244794_,2008 Toyota RAV4 4WD 4dr V6 Limited,7750,264000,VANCOUVER,https://www.autotrader.ca/a/toyota/rav4/vancouver/british%20columbia/19_13244794_/,2026-02-24T04:58:38,2026-02-24T04:58:38,0.0,0
autotrader,65391544,2013 Mazda CX-5 GT | Leather | Sunroof | Heated Seats,7995,261503,VICTORIA,https://www.autotrader.ca/a/mazda/cx-5/victoria/british%20columbia/5_65391544_20160304162757877/,2025-04-01T04:37:11,2025-04-01T05:30:53,0.037,1
autotrader,68671343,2007 Honda CR-V 2WD 5dr LX,7995,278406,BLACK CREEK,https://www.autotrader.ca/a/honda/cr-v/black%20creek/british%20columbia/5_68671343_20161123160007814/,2026-02-24T04:58:38,2026-02-24T04:58:38,0.0,0
autotrader,19_13266127_,2011 Toyota RAV4 4WD 4dr I4 Limited,8000,314000,VANCOUVER,https://www.autotrader.ca/a/toyota/rav4/vancouver/british%20columbia/19_13266127_/,2026-02-24T04:58:38,2026-02-24T04:58:38,0.0,0
autotrader,19_13055816_,2008 Honda CR-V 4WD 5dr EX-L,8500,212132,SURREY,https://www.autotrader.ca/a/honda/cr-v/surrey/british%20columbia/19_13055816_/,2025-04-01T05:26:11,2025-04-09T15:35:08,8.423,1
autotrader,64541064,"2011 Honda CR-V EX 4WD Auto, Local, No accident",8500,,BURNABY,https://www.autotrader.ca/a/honda/cr-v/burnaby/british%20columbia/5_64541064_20220421191432427/,2025-04-04T15:47:22,2025-04-09T15:35:08,4.992,1
autotrader,19_13062263_,2007 Honda CR-V 4WD 5dr LX,8700,257000,WHISTLER,https://www.autotrader.ca/a/honda/cr-v/whistler/british%20columbia/19_13062263_/,2025-04-01T05:26:11,2025-04-09T15:35:08,8.423,1
autotrader,65728193,2001 Toyota RAV4 4dr AUTO 4WD,8900,195206,SURREY,https://www.autotrader.ca/a/toyota/rav4/surrey/british%20columbia/5_65728193_20241011191238131/,2025-04-01T05:30:53,2025-04-09T15:35:08,8.42,1
autotrader,69244930,2008 Toyota RAV4 Base,8900,230365,ABBOTSFORD,https://www.autotrader.ca/a/toyota/rav4/abbotsford/british%20columbia/5_69244930_20110929111242990/,2026-02-24T04:58:38,2026-02-24T04:58:38,0.0,0
autotrader,19_13030202_,2006 Toyota RAV4 4dr Auto 4WD Base,8999,229000,NORTH VANCOUVER,https://www.autotrader.ca/a/toyota/rav4/north%20vancouver/british%20columbia/19_13030202_/,2025-04-09T15:35:08,2025-04-09T15:35:08,0.0,1
autotrader,19_13040225_,2001 Toyota RAV4 4dr Auto 4WD,9000,305500,COQUITLAM,https://www.autotrader.ca/a/toyota/rav4/coquitlam/british%20columbia/19_13040225_/,2025-04-01T05:30:53,2025-04-09T15:35:08,8.42,1
autotrader,19_13068247_,2010 Honda CR-V 4WD 5dr EX-L w/Navi,9450,254000,CAMPBELL RIVER,https://www.autotrader.ca/a/honda/cr-v/campbell%20river/british%20columbia/19_13068247_/,2025-04-07T13:41:28,2025-04-09T15:35:08,2.079,1
autotrader,69293020,2010 Honda CR-V EX,9724,287369,NANAIMO,https://www.autotrader.ca/a/honda/cr-v/nanaimo/british%20columbia/5_69293020_20251202205540188/,2026-02-24T04:58:38,2026-02-24T04:58:38,0.0,0
autotrader,19_13255992_,2006 Toyota RAV4 4dr Auto 4WD Limited,9850,209000,RICHMOND,https://www.autotrader.ca/a/toyota/rav4/richmond/british%20columbia/19_13255992_/,2026-02-24T04:58:38,2026-02-24T04:58:38,0.0,0
autotrader,68476529,2011 Honda CR-V 4WD 5dr EX,9950,205000,NEW WESTMINSTER,https://www.autotrader.ca/a/honda/cr-v/new%20westminster/british%20columbia/5_68476529_20250616174827937/,2026-02-24T04:58:38,2026-02-24T04:58:38,0.0,0
autotrader,69230124,2005 Toyota RAV4 | 4WD | GREAT DRIVE | COMES WITH FREE DRIVER'S SHI,9980,195406,COQUITLAM,https://www.autotrader.ca/a/toyota/rav4/coquitlam/british%20columbia/5_69230124_20191204192538227/,2026-02-24T04:58:38,2026-02-24T04:58:38,0.0,0
autotrader,65962151,2011 Honda CR-V SPORT/ CLEAN TITLE/ BC LOCAL/ BACKUP CAMERA,9990,213100,RICHMOND,https://www.autotrader.ca/a/honda/cr-v/richmond/british%20columbia/5_65962151_20180116182834554/,2025-04-07T13:41:28,2025-04-09T15:35:08,2.079,1
autotrader,65820778,2012 Toyota RAV4 AWD,9995,211640,NANAIMO,https://www.autotrader.ca/a/toyota/rav4/nanaimo/british%20columbia/5_65820778_20221005201416273/,2025-04-01T05:30:53,2025-04-01T05:30:53,0.0,1
autotrader,19_13251800_,2014 Honda CR-V AWD 5dr EX,9995,270000,NANAIMO,https://www.autotrader.ca/a/honda/cr-v/nanaimo/british%20columbia/19_13251800_/,2026-02-24T04:58:38,2026-02-24T04:58:38,0.0,0
autotrader,69165008,2009 Toyota RAV4 Limited | *AS-IS*,9995,232167,RICHMOND,https://www.autotrader.ca/a/toyota/rav4/richmond/british%20columbia/5_69165008_bs200551011450/,2026-02-24T04:58:38,2026-02-24T04:58:38,0.0,0
autotrader,65985566,2006 Toyota RAV4 Base,9997,249093,RICHMOND,https://www.autotrader.ca/a/toyota/rav4/richmond/british%20columbia/5_65985566_bs2004414151741/,2025-04-09T15:35:08,2025-04-09T15:35:08,0.0,1
autotrader,19_13036478_,2011 Honda CR-V 4WD 5dr EX,9998,244402,BURNABY,https://www.autotrader.ca/a/honda/cr-v/burnaby/british%20columbia/19_13036478_/,2025-04-01T05:26:11,2025-04-07T13:41:28,6.344,1
autotrader,65659018,2009 Honda CR-V 4WD EX-L w-Navi,9998,257000,SOOKE,https://www.autotrader.ca/a/honda/cr-v/sooke/british%20columbia/5_65659018_20210419185601546/,2025-04-01T05:26:11,2025-04-09T15:35:08,8.423,1
autotrader,65871212,2008 Honda CR-V 4WD 5dr EX-L,9999,221751,RICHMOND,https://www.autotrader.ca/a/honda/cr-v/richmond/british%20columbia/5_65871212_20240515163748019/,2025-04-01T05:26:11,2025-04-09T15:35:08,8.423,1
autotrader,19_12978658_,2010 Honda CR-V 4WD 5dr EX-L,9999,288192,VICTORIA,https://www.autotrader.ca/a/honda/cr-v/victoria/british%20columbia/19_12978658_/,2025-04-01T05:26:11,2025-04-09T15:35:08,8.423,1
autotrader,19_13069530_,2009 Honda CR-V 4WD 5dr EX-L,10000,179000,SURREY,https://www.autotrader.ca/a/honda/cr-v/surrey/british%20columbia/19_13069530_/,2025-04-09T15:35:08,2025-04-09T15:35:08,0.0,1
autotrader,19_13065106_,2014 Honda CR-V AWD 5dr LX,10500,244000,CHILLIWACK,https://www.autotrader.ca/a/honda/cr-v/chilliwack/british%20columbia/19_13065106_/,2025-04-02T14:43:27,2025-04-02T14:43:27,0.0,1
autotrader,65583061,2009 Toyota RAV4 AWD V6 Limited [BC LOCAL / SUNROOF / HEATED SEATS,10800,228065,VANCOUVER,https://www.autotrader.ca/a/toyota/rav4/vancouver/british%20columbia/5_65583061_20250219164236420/,2025-04-01T05:30:53,2025-04-09T15:35:08,8.42,1
autotrader,65908636,2009 Toyota RAV4 Limited AWD / 4 Cylinder / 1 OWNER,10888,194606,VANCOUVER,https://www.autotrader.ca/a/toyota/rav4/vancouver/british%20columbia/5_65908636_bs200697154032/,2025-04-02T14:43:27,2025-04-09T15:35:08,7.036,1
autotrader,65906340,2005 Honda CR-V EX-L,10888,206258,CHILLIWACK,https://www.autotrader.ca/a/honda/cr-v/chilliwack/british%20columbia/5_65906340_20240313160731093/,2025-04-04T15:47:22,2025-04-09T15:35:08,4.992,1
autotrader,65699983,2005 Honda CR-V EX-L AWD - fuel efficient & reliable SUV,10998,246325,BURNABY,https://www.autotrader.ca/a/honda/cr-v/burnaby/british%20columbia/5_65699983_bs200541411570/,2025-04-01T05:26:11,2025-04-09T15:35:08,8.423,1
autotrader,19_13065579_,2008 Honda CR-V 4WD 5dr EX-L,11000,160000,SURREY,https://www.autotrader.ca/a/honda/cr-v/surrey/british%20columbia/19_13065579_/,2025-04-04T15:47:22,2025-04-09T15:35:08,4.992,1
autotrader,19_12919086_,2011 Toyota RAV4 2WD 4dr I4 Base,11300,225000,PORT MOODY,https://www.autotrader.ca/a/toyota/rav4/port%20moody/british%20columbia/19_12919086_/,2025-04-01T05:30:53,2025-04-09T15:35:08,8.42,1
autotrader,69198758,2015 Toyota RAV4 AWD 4dr LE,11495,276644,NORTH VANCOUVER,https://www.autotrader.ca/a/toyota/rav4/north%20vancouver/british%20columbia/5_69198758_20220214145504136/,2026-02-24T04:58:38,2026-02-24T04:58:38,0.0,0
autotrader,19_13259144_,2011 Honda CR-V 4WD 5dr EX,11500,165918,VANCOUVER,https://www.autotrader.ca/a/honda/cr-v/vancouver/british%20columbia/19_13259144_/,2026-02-24T04:58:38,2026-02-24T04:58:38,0.0,0
autotrader,65741334,2008 Toyota RAV4 4WD 4dr I4 Limited,11695,181641,NORTH VANCOUVER,https://www.autotrader.ca/a/toyota/rav4/north%20vancouver/british%20columbia/5_65741334_20220214145504136/,2025-04-01T05:30:53,2025-04-09T15:35:08,8.42,1
autotrader,65985297,2008 Toyota RAV4 4WD 4dr I4 Base,11800,231992,RICHMOND,https://www.autotrader.ca/a/toyota/rav4/richmond/british%20columbia/5_65985297_20180116182834554/,2025-04-09T15:35:08,2025-04-09T15:35:08,0.0,1
autotrader,65797637,2015 Toyota RAV4 AWD LE,11900,272241,NANAIMO,https://www.autotrader.ca/a/toyota/rav4/nanaimo/british%20columbia/5_65797637_20130508094359657/,2025-04-01T05:30:53,2025-04-09T15:35:08,8.42,1
autotrader,68273402,2013 Mazda CX-5 AWD 4dr Auto Grand Touring,11950,241000,NEW WESTMINSTER,https://www.autotrader.ca/a/mazda/cx-5/new%20westminster/british%20columbia/5_68273402_20250616174827937/,2026-02-24T04:58:38,2026-02-24T04:58:38,0.0,0
autotrader,69347849,2014 Honda CR-V AWD 5dr Touring,11990,208000,SURREY,https://www.autotrader.ca/a/honda/cr-v/surrey/british%20columbia/5_69347849_20250929154111800/,2026-02-24T04:58:38,2026-02-24T04:58:38,0.0,0
autotrader,65870146,2007 Honda CR-V Great History! 2 sets of tires! AC! Keyless!,11991,171183,ABBOTSFORD,https://www.autotrader.ca/a/honda/cr-v/abbotsford/british%20columbia/5_65870146_20140922111321076/,2025-04-01T05:26:11,2025-04-09T15:35:08,8.423,1
autotrader,64580555,2008 Toyota RAV4 4WD 4dr I4 Limited,11995,194200,RICHMOND,https://www.autotrader.ca/a/toyota/rav4/richmond/british%20columbia/5_64580555_bs2007530142132/,2025-04-01T05:30:53,2025-04-09T15:35:08,8.42,1
autotrader,65961545,2008 Toyota RAV4 Sport,11995,172116,VANCOUVER,https://www.autotrader.ca/a/toyota/rav4/vancouver/british%20columbia/5_65961545_20190507144757045/,2025-04-07T13:41:28,2025-04-09T15:35:08,2.079,1
autotrader,69370058,2015 Mazda CX-5 GS,11995,177927,LANGLEY,https://www.autotrader.ca/a/mazda/cx-5/langley/british%20columbia/5_69370058_20110808063216984/,2026-02-24T04:58:38,2026-02-24T04:58:38,0.0,0
autotrader,19_13250579_,2014 Honda CR-V AWD 5dr LX,11999,208000,COURTENAY,https://www.autotrader.ca/a/honda/cr-v/courtenay/british%20columbia/19_13250579_/,2026-02-24T04:58:38,2026-02-24T04:58:38,0.0,0
autotrader,69210270,2009 Toyota RAV4 4WD 4dr Base,11999,247000,VANCOUVER,https://www.autotrader.ca/a/toyota/rav4/vancouver/british%20columbia/5_69210270_20250225185613211/,2026-02-24T04:58:38,2026-02-24T04:58:38,0.0,0
autotrader,19_13036751_,2011 Toyota RAV4 4WD 4dr I4 Base,12000,125000,NORTH VANCOUVER,https://www.autotrader.ca/a/toyota/rav4/north%20vancouver/british%20columbia/19_13036751_/,2025-04-01T05:30:53,2025-04-09T15:35:08,8.42,1
autotrader,19_13260202_,2004 Toyota RAV4 4dr Manual 4WD,12000,140000,VANCOUVER,https://www.autotrader.ca/a/toyota/rav4/vancouver/british%20columbia/19_13260202_/,2026-02-24T04:58:38,2026-02-24T04:58:38,0.0,0
autotrader,65874966,2013 Honda CR-V EX-L AWD,12459,206228,VANCOUVER,https://www.autotrader.ca/a/honda/cr-v/vancouver/british%20columbia/5_65874966_20200127173537970/,2025-04-01T05:14:40,2025-04-01T05:30:53,0.011,1
autotrader,19_13058247_,2015 Honda CR-V 2WD 5dr LX,12500,237000,SURREY,https://www.autotrader.ca/a/honda/cr-v/surrey/british%20columbia/19_13058247_/,2025-04-01T05:14:40,2025-04-07T13:41:28,6.352,1
autotrader,65223642,2011 Toyota RAV4 4WD 4dr I4 Base,12500,212479,SURREY,https://www.autotrader.ca/a/toyota/rav4/surrey/british%20columbia/5_65223642_20241011191238131/,2025-04-01T05:30:53,2025-04-09T15:35:08,8.42,1
autotrader,69252380,2014 Mazda CX-5 GS AWD at | AWD | BLUETOOTH| 1 OWNER | SUNROOF |,12588,268750,SURREY,https://www.autotrader.ca/a/mazda/cx-5/surrey/british%20columbia/5_69252380_bs200697155619/,2026-02-24T04:58:38,2026-02-24T04:58:38,0.0,0
autotrader,65932059,2011 Toyota RAV4 4WD 4dr I4 Base,12695,151178,NORTH VANCOUVER,https://www.autotrader.ca/a/toyota/rav4/north%20vancouver/british%20columbia/5_65932059_20220214145504136/,2025-04-04T15:47:22,2025-04-09T15:35:08,4.992,1
autotrader,67149243,2014 Mazda CX-5 Grand Touring AWD | No Accident | FREE Driver's Sh,12890,197092,COQUITLAM,https://www.autotrader.ca/a/mazda/cx-5/coquitlam/british%20columbia/5_67149243_20191204192538227/,2026-02-24T04:58:38,2026-02-24T04:58:38,0.0,0
autotrader,65875028,2010 Toyota RAV4 Base 4A,12900,136732,NANAIMO,https://www.autotrader.ca/a/toyota/rav4/nanaimo/british%20columbia/5_65875028_20130508094359657/,2025-04-01T05:30:53,2025-04-02T14:43:27,1.384,1
autotrader,19_12975269_,2009 Toyota RAV4 4WD 4dr I4 Limited,12900,230000,RICHMOND,https://www.autotrader.ca/a/toyota/rav4/richmond/british%20columbia/19_12975269_/,2025-04-01T05:30:53,2025-04-09T15:35:08,8.42,1
autotrader,68650485,2015 Mazda CX-5 AWD 4dr Auto Grand Touring,12950,229000,NEW WESTMINSTER,https://www.autotrader.ca/a/mazda/cx-5/new%20westminster/british%20columbia/5_68650485_20250616174827937/,2026-02-24T04:58:38,2026-02-24T04:58:38,0.0,0
autotrader,65252111,2013 Honda CR-V *AS-IS* - EX | Sunroof | Cd Player | Heated Seats,12967,175811,RICHMOND,https://www.autotrader.ca/a/honda/cr-v/richmond/british%20columbia/5_65252111_bs2004414151741/,2025-04-01T05:14:40,2025-04-04T15:47:22,3.439,1
autotrader,19_13044272_,2016 Mazda CX-5 AWD 4dr Auto GS,12995,219293,NORTH VANCOUVER,https://www.autotrader.ca/a/mazda/cx-5/north%20vancouver/british%20columbia/19_13044272_/,2025-04-01T04:37:11,2025-04-09T15:35:08,8.457,1
autotrader,69353349,2007 Toyota RAV4 4dr i4 Auto 4WD,12995,137046,COQUITLAM,https://www.autotrader.ca/a/toyota/rav4/coquitlam/british%20columbia/5_69353349_20260107150946710/,2026-02-24T04:58:38,2026-02-24T04:58:38,0.0,0
autotrader,19_13047446_,2011 Honda CR-V 4WD 5dr LX,13000,190000,NANAIMO,https://www.autotrader.ca/a/honda/cr-v/nanaimo/british%20columbia/19_13047446_/,2025-04-01T05:26:11,2025-04-09T15:35:08,8.423,1
autotrader,19_13265779_,2014 Honda CR-V 2WD 5dr EX,13000,233701,SURREY,https://www.autotrader.ca/a/honda/cr-v/surrey/british%20columbia/19_13265779_/,2026-02-24T04:58:38,2026-02-24T04:58:38,0.0,0
autotrader,65341392,2014 Toyota RAV4 LE FWD | Heated Seats | Bluetooth Audio,13288,209041,DUNCAN,https://www.autotrader.ca/a/toyota/rav4/duncan/british%20columbia/5_65341392_bs20076193740/,2025-04-01T05:30:53,2025-04-01T05:30:53,0.0,1
autotrader,65972179,2014 Mazda CX-5 GS AWD,13299,165494,MISSION,https://www.autotrader.ca/a/mazda/cx-5/mission/british%20columbia/5_65972179_20210917144614270/,2025-04-07T13:41:28,2025-04-09T15:35:08,2.079,1
autotrader,19_13023719_,2011 Honda CR-V 2WD 5dr EX,13500,127000,SQUAMISH,https://www.autotrader.ca/a/honda/cr-v/squamish/british%20columbia/19_13023719_/,2025-04-01T05:26:11,2025-04-09T15:35:08,8.423,1
autotrader,62860727,"2014 Honda CR-V EX AWD Auto, Local, P Sunroof",13500,,BURNABY,https://www.autotrader.ca/a/honda/cr-v/burnaby/british%20columbia/5_62860727_20220421191432427/,2025-04-04T15:47:22,2025-04-09T15:35:08,4.992,1
autotrader,68972386,2013 Honda CR-V EX-L - Backup Camera / Push Button Start / Sunroof,13500,277584,PENTICTON,https://www.autotrader.ca/a/honda/cr-v/penticton/british%20columbia/5_68972386_ct2004326103829817/,2026-02-24T04:58:38,2026-02-24T04:58:38,0.0,0
autotrader,65954963,2010 Honda CR-V EX-L,13588,243870,NANAIMO,https://www.autotrader.ca/a/honda/cr-v/nanaimo/british%20columbia/5_65954963_20181218190424937/,2025-04-09T15:35:08,2025-04-09T15:35:08,0.0,1
autotrader,63953580,"2014 Mazda CX-5 FWD 4dr Auto GS-regularly maintenance, clean title",13800,129404,RICHMOND,https://www.autotrader.ca/a/mazda/cx-5/richmond/british%20columbia/5_63953580_20230717142837495/,2025-04-01T04:37:11,2025-04-04T15:47:22,3.465,1
autotrader,64380733,2008 Honda CR-V 4WD 5dr EX,13800,156997,COQUITLAM,https://www.autotrader.ca/a/honda/cr-v/coquitlam/british%20columbia/5_64380733_20180426122750351/,2025-04-01T05:26:11,2025-04-09T15:35:08,8.423,1
autotrader,65392461,"2016 Mazda CX-5 GS Auto, No accident, Navi",13800,170000,BURNABY,https://www.autotrader.ca/a/mazda/cx-5/burnaby/british%20columbia/5_65392461_20220421191432427/,2025-04-04T15:47:22,2025-04-09T15:35:08,4.992,1
autotrader,65512436,2013 Mazda CX-5 GS,13888,175741,SURREY,https://www.autotrader.ca/a/mazda/cx-5/surrey/british%20columbia/5_65512436_20241213202713863/,2025-04-01T04:37:11,2025-04-09T15:35:08,8.457,1
autotrader,65822898,2008 Toyota RAV4 Sports V6 4WD | FREE Driver's Shield Warranty |,13890,195307,COQUITLAM,https://www.autotrader.ca/a/toyota/rav4/coquitlam/british%20columbia/5_65822898_20191204192538227/,2025-04-01T05:30:53,2025-04-02T14:43:27,1.384,1
autotrader,68673057,2011 Toyota RAV4 |Limited V6 | No Accident | FREE Driver's Shield W,13890,228946,COQUITLAM,https://www.autotrader.ca/a/toyota/rav4/coquitlam/british%20columbia/5_68673057_20191204192538227/,2026-02-24T04:58:38,2026-02-24T04:58:38,0.0,0
autotrader,65919714,2012 Honda CR-V EX-L 4WD at (2),13899,143367,VANCOUVER,https://www.autotrader.ca/a/honda/cr-v/vancouver/british%20columbia/5_65919714_20200127173537970/,2025-04-04T15:47:22,2025-04-09T15:35:08,4.992,1
autotrader,65927817,2015 Mazda CX-5,13900,179229,DUNCAN,https://www.autotrader.ca/a/mazda/cx-5/duncan/british%20columbia/5_65927817_ct2006425113832706/,2025-04-04T15:47:22,2025-04-09T15:35:08,4.992,1
autotrader,65925842,2008 Honda CR-V 4WD 5dr EX-L,13900,141933,COQUITLAM,https://www.autotrader.ca/a/honda/cr-v/coquitlam/british%20columbia/5_65925842_20180426122750351/,2025-04-04T15:47:22,2025-04-09T15:35:08,4.992,1
autotrader,69386781,2016 Toyota RAV4 AWD 4dr LE,13923,224000,COQUITLAM,https://www.autotrader.ca/a/toyota/rav4/coquitlam/british%20columbia/5_69386781_20250513191013821/,2026-02-24T04:58:38,2026-02-24T04:58:38,0.0,0
autotrader,69369972,2013 Toyota RAV4 LE,13963,201019,CAMPBELL RIVER,https://www.autotrader.ca/a/toyota/rav4/campbell%20river/british%20columbia/5_69369972_20250609201822397/,2026-02-24T04:58:38,2026-02-24T04:58:38,0.0,0
autotrader,65506433,2005 Honda CR-V AWD 2.4,13990,76626,BURNABY,https://www.autotrader.ca/a/honda/cr-v/burnaby/british%20columbia/5_65506433_20160930202232339/,2025-04-01T05:26:11,2025-04-09T15:35:08,8.423,1
autotrader,65370017,2005 Honda CR-V AWD 2.4,13990,100974,BURNABY,https://www.autotrader.ca/a/honda/cr-v/burnaby/british%20columbia/5_65370017_20160930202232339/,2025-04-01T05:26:11,2025-04-09T15:35:08,8.423,1
autotrader,65806876,2011 Honda CR-V 4WD LX,13995,118951,NANAIMO,https://www.autotrader.ca/a/honda/cr-v/nanaimo/british%20columbia/5_65806876_20221005201416273/,2025-04-01T05:26:11,2025-04-02T14:43:27,1.387,1
autotrader,65592234,2011 Toyota RAV4 4WD Mechanically Inspected & Warranty Included!,13995,186090,NEW WESTMINSTER,https://www.autotrader.ca/a/toyota/rav4/new%20westminster/british%20columbia/5_65592234_20140403092404073/,2025-04-01T05:30:53,2025-04-02T14:43:27,1.384,1
autotrader,69234631,2016 Mazda CX-5 GT AWD,13995,189031,VANCOUVER,https://www.autotrader.ca/a/mazda/cx-5/vancouver/british%20columbia/5_69234631_20211201150023134/,2026-02-24T04:58:38,2026-02-24T04:58:38,0.0,0
autotrader,69405106,2008 Honda CR-V EX-L | AWD | SUNROOF | HEATED FRONT SEATS,13995,138388,KELOWNA,https://www.autotrader.ca/a/honda/cr-v/kelowna/british%20columbia/5_69405106_20170105223503536/,2026-02-24T04:58:38,2026-02-24T04:58:38,0.0,0
autotrader,65877053,2012 Toyota RAV4 4WD 4dr V6 Sport | Bluetooth | Sunroof | Touchscre,13997,227580,KELOWNA,https://www.autotrader.ca/a/toyota/rav4/kelowna/british%20columbia/5_65877053_20240930190045714/,2025-04-01T05:30:53,2025-04-07T13:41:28,6.341,1
autotrader,68939931,2018 Toyota RAV4 LE | No Reported Accidents!,14195,292178,VICTORIA,https://www.autotrader.ca/a/toyota/rav4/victoria/british%20columbia/5_68939931_20140304153549160/,2026-02-24T04:58:38,2026-02-24T04:58:38,0.0,0
autotrader,67643741,2016 Mazda CX-5 GX,14389,165306,PORT COQUITLAM,https://www.autotrader.ca/a/mazda/cx-5/port%20coquitlam/british%20columbia/5_67643741_20220923141909660/,2026-02-24T04:58:38,2026-02-24T04:58:38,0.0,0
autotrader,68447272,2014 Honda CR-V 2WD 5dr EX,14495,158000,NORTH VANCOUVER,https://www.autotrader.ca/a/honda/cr-v/north%20vancouver/british%20columbia/5_68447272_20250602122311024/,2026-02-24T04:58:38,2026-02-24T04:58:38,0.0,0
autotrader,69242671,2009 Toyota RAV4 Limited I4,14499,158216,MISSION,https://www.autotrader.ca/a/toyota/rav4/mission/british%20columbia/5_69242671_20210917144614270/,2026-02-24T04:58:38,2026-02-24T04:58:38,0.0,0
autotrader,19_13046842_,2015 Mazda CX-5 AWD 4dr Auto GS,14500,200000,KAMLOOPS,https://www.autotrader.ca/a/mazda/cx-5/kamloops/british%20columbia/19_13046842_/,2025-04-01T04:37:11,2025-04-09T15:35:08,8.457,1
autotrader,69333198,2013 Honda CR-V LX AWD,14500,173100,SURREY,https://www.autotrader.ca/a/honda/cr-v/surrey/british%20columbia/5_69333198_20230715185126450/,2026-02-24T04:58:38,2026-02-24T04:58:38,0.0,0
autotrader,69274206,2015 Mazda CX-5 All-wheel Drive 4dr Automatic GS,14600,100000,SURREY,https://www.autotrader.ca/a/mazda/cx-5/surrey/british%20columbia/5_69274206_20260202142453872/,2026-02-24T04:58:38,2026-02-24T04:58:38,0.0,0
autotrader,65883339,2011 Toyota RAV4 4WD 4dr,14800,150769,RICHMOND,https://www.autotrader.ca/a/toyota/rav4/richmond/british%20columbia/5_65883339_20240515163748019/,2025-04-01T05:30:53,2025-04-09T15:35:08,8.42,1
autotrader,66508799,2011 Honda CR-V 4WD 5dr EX,14800,144021,COQUITLAM,https://www.autotrader.ca/a/honda/cr-v/coquitlam/british%20columbia/5_66508799_20180426122750351/,2026-02-24T04:58:38,2026-02-24T04:58:38,0.0,0
autotrader,68499375,2014 Toyota RAV4 |Limited AWD | NEW YEAR SALE | FREE Driver's Shiel,14890,227316,COQUITLAM,https://www.autotrader.ca/a/toyota/rav4/coquitlam/british%20columbia/5_68499375_20191204192538227/,2026-02-24T04:58:38,2026-02-24T04:58:38,0.0,0
autotrader,65767498,2015 Mazda CX-5 AWD 4dr Auto GT,14900,133063,COQUITLAM,https://www.autotrader.ca/a/mazda/cx-5/coquitlam/british%20columbia/5_65767498_20180426122750351/,2025-04-01T04:37:11,2025-04-01T05:30:53,0.037,1
autotrader,65838785,2006 Toyota RAV4 4dr Auto 4WD Limited,14900,46326,RICHMOND,https://www.autotrader.ca/a/toyota/rav4/richmond/british%20columbia/5_65838785_20220304191347732/,2025-04-01T05:30:53,2025-04-01T05:30:53,0.0,1
autotrader,65982059,2014 Honda CR-V EX,14900,190000,VICTORIA,https://www.autotrader.ca/a/honda/cr-v/victoria/british%20columbia/5_65982059_20181123160820833/,2025-04-09T15:35:08,2025-04-09T15:35:08,0.0,1
autotrader,68976367,2014 Honda CR-V AWD 5dr EX,14977,212754,KELOWNA,https://www.autotrader.ca/a/honda/cr-v/kelowna/british%20columbia/5_68976367_20240628160652692/,2026-02-24T04:58:38,2026-02-24T04:58:38,0.0,0
autotrader,69387794,2013 Honda CR-V AWD 5dr Touring,14977,251038,KELOWNA,https://www.autotrader.ca/a/honda/cr-v/kelowna/british%20columbia/5_69387794_20240628160652692/,2026-02-24T04:58:38,2026-02-24T04:58:38,0.0,0
autotrader,65818932,2015 Honda CR-V AWD 5dr EX,14990,177785,PORT COQUITLAM,https://www.autotrader.ca/a/honda/cr-v/port%20coquitlam/british%20columbia/5_65818932_bs20067251025/,2025-04-01T05:14:40,2025-04-09T15:35:08,8.431,1
autotrader,65871130,2007 Honda CR-V EX-L 4WD AT w/ Navigation INSPECTED W/BCAA MBRSHP,14995,160344,SURREY,https://www.autotrader.ca/a/honda/cr-v/surrey/british%20columbia/5_65871130_bs200461513833/,2025-04-01T05:26:11,2025-04-09T15:35:08,8.423,1
autotrader,65844313,2011 Toyota RAV4 Limited,14995,135819,KELOWNA,https://www.autotrader.ca/a/toyota/rav4/kelowna/british%20columbia/5_65844313_20170105223503536/,2025-04-01T05:30:53,2025-04-02T14:43:27,1.384,1
autotrader,65800321,"2011 Honda CR-V 4WD LX | Base Model, Econoical, Radio/CD Player",14997,161100,NANAIMO,https://www.autotrader.ca/a/honda/cr-v/nanaimo/british%20columbia/5_65800321_bs200517135426/,2025-04-01T05:26:11,2025-04-09T15:35:08,8.423,1
autotrader,65798717,2012 Honda CR-V AWD 5dr Touring |,14997,219279,KELOWNA,https://www.autotrader.ca/a/honda/cr-v/kelowna/british%20columbia/5_65798717_20240930190045714/,2025-04-01T05:26:11,2025-04-09T15:35:08,8.423,1
autotrader,69262961,2014 Mazda CX-5 GT,14997,141038,RICHMOND,https://www.autotrader.ca/a/mazda/cx-5/richmond/british%20columbia/5_69262961_bs2005415154738/,2026-02-24T04:58:38,2026-02-24T04:58:38,0.0,0
autotrader,65904119,"2016 Mazda CX-5 GS AWD - Local, Great Condition, Safetied!",14998,159491,BURNABY,https://www.autotrader.ca/a/mazda/cx-5/burnaby/british%20columbia/5_65904119_bs2004922114833/,2025-04-02T14:43:27,2025-04-02T14:43:27,0.0,1
autotrader,65875013,2010 Honda CR-V EX-L | No Accident,14998,150653,RICHMOND,https://www.autotrader.ca/a/honda/cr-v/richmond/british%20columbia/5_65875013_bs20052149580/,2025-04-02T14:43:27,2025-04-09T15:35:08,7.036,1
autotrader,65634325,2016 Toyota RAV4 AWD XLE,14999,265210,SURREY,https://www.autotrader.ca/a/toyota/rav4/surrey/british%20columbia/5_65634325_bs20041025112044/,2025-04-01T05:30:53,2025-04-09T15:35:08,8.42,1
autotrader,65899682,2009 Honda CR-V 4WD,14999,205708,VANCOUVER,https://www.autotrader.ca/a/honda/cr-v/vancouver/british%20columbia/5_65899682_20140120150723585/,2025-04-02T14:43:27,2025-04-09T15:35:08,7.036,1
autotrader,19_12943885_,2016 Honda CR-V AWD 5dr EX-L,15000,245000,SURREY,https://www.autotrader.ca/a/honda/cr-v/surrey/british%20columbia/19_12943885_/,2025-04-07T13:41:28,2025-04-09T15:35:08,2.079,1
autotrader,65767279,"2014 Toyota RAV4 FWD 4dr LE *ONE OWNER, NO ACCIDENTS*",15300,195467,MAPLE RIDGE,https://www.autotrader.ca/a/toyota/rav4/maple%20ridge/british%20columbia/5_65767279_20210728183148750/,2025-04-04T15:47:22,2025-04-09T15:35:08,4.992,1
autotrader,68534652,2015 Toyota RAV4 AWD 4dr XLE,15495,180000,NORTH VANCOUVER,https://www.autotrader.ca/a/toyota/rav4/north%20vancouver/british%20columbia/5_68534652_20250602122311024/,2026-02-24T04:58:38,2026-02-24T04:58:38,0.0,0
autotrader,65889231,"2013 Toyota RAV4 LE; AUTOMATIC, HEATED SEATS, A/C, REMOTE LOCK",15497,160500,LANGLEY CITY,https://www.autotrader.ca/a/toyota/rav4/langley%20city/british%20columbia/5_65889231_20200715134228750/,2025-04-01T05:30:53,2025-04-09T15:35:08,8.42,1
autotrader,65969484,2014 Toyota RAV4 FWD 4dr LE | Accident Free | BC Owned,15500,160648,LANGLEY,https://www.autotrader.ca/a/toyota/rav4/langley/british%20columbia/5_65969484_20200325023157057/,2025-04-07T13:41:28,2025-04-09T15:35:08,2.079,1
autotrader,63734596,2012 Honda CR-V AWD 5dr EX-L,15595,151540,NORTH VANCOUVER,https://www.autotrader.ca/a/honda/cr-v/north%20vancouver/british%20columbia/5_63734596_20220214145504136/,2025-04-01T05:26:11,2025-04-09T15:35:08,8.423,1
autotrader,69353020,2016 Honda CR-V LX,15680,106807,SURREY,https://www.autotrader.ca/a/honda/cr-v/surrey/british%20columbia/5_69353020_20190415145109816/,2026-02-24T04:58:38,2026-02-24T04:58:38,0.0,0
autotrader,65288803,2014 Honda CR-V EX-L AWD,15688,185782,VANCOUVER,https://www.autotrader.ca/a/honda/cr-v/vancouver/british%20columbia/5_65288803_20241210162838299/,2025-04-01T05:14:40,2025-04-09T15:35:08,8.431,1
autotrader,69249909,2011 Honda CR-V EX-L,15800,161117,PORT MOODY,https://www.autotrader.ca/a/honda/cr-v/port%20moody/british%20columbia/5_69249909_bs2004521111731/,2026-02-24T04:58:38,2026-02-24T04:58:38,0.0,0
autotrader,69177463,2016 Honda CR-V EX,15831,206500,PORT ALBERNI,https://www.autotrader.ca/a/honda/cr-v/port%20alberni/british%20columbia/5_69177463_20121116152554380/,2026-02-24T04:58:38,2026-02-24T04:58:38,0.0,0
autotrader,67991815,2016 Honda CR-V EX AWD | NEW YEAR SALE | GREAT DRIVE | FREE Driver,15880,235485,COQUITLAM,https://www.autotrader.ca/a/honda/cr-v/coquitlam/british%20columbia/5_67991815_20191204192538227/,2026-02-24T04:58:38,2026-02-24T04:58:38,0.0,0
autotrader,63589595,2017 Mazda CX-5 GT,15888,203107,WILLIAMS LAKE,https://www.autotrader.ca/a/mazda/cx-5/williams%20lake/british%20columbia/5_63589595_20210618035615785/,2025-04-01T04:37:11,2025-04-09T15:35:08,8.457,1
autotrader,65719989,2012 Honda CR-V LX 4WD,15888,157727,VANCOUVER,https://www.autotrader.ca/a/honda/cr-v/vancouver/british%20columbia/5_65719989_20241210162838299/,2025-04-01T05:26:11,2025-04-01T05:30:53,0.003,1
autotrader,69058460,2012 Toyota RAV4 4WD 4dr I4 Base,15895,142396,NORTH VANCOUVER,https://www.autotrader.ca/a/toyota/rav4/north%20vancouver/british%20columbia/5_69058460_20220214145504136/,2026-02-24T04:58:38,2026-02-24T04:58:38,0.0,0
autotrader,65469068,2016 Honda CR-V Touring AWD,15898,217006,VANCOUVER,https://www.autotrader.ca/a/honda/cr-v/vancouver/british%20columbia/5_65469068_20200127173537970/,2025-04-01T05:14:40,2025-04-02T14:43:27,1.395,1
autotrader,69292023,2012 Toyota RAV4 4WD 4dr I4 Limited,15900,153985,COQUITLAM,https://www.autotrader.ca/a/toyota/rav4/coquitlam/british%20columbia/5_69292023_20180426122750351/,2026-02-24T04:58:38,2026-02-24T04:58:38,0.0,0
autotrader,69266518,2016 Honda CR-V EX-L-AWD | Sunroof | Heated Seats,15980,211000,BURNABY,https://www.autotrader.ca/a/honda/cr-v/burnaby/british%20columbia/5_69266518_20231114185904344/,2026-02-24T04:58:38,2026-02-24T04:58:38,0.0,0
autotrader,69188084,2014 Mazda CX-5 AWD 4dr Auto GT/ Low Kilometers/ BC Car,15990,134963,COQUITLAM,https://www.autotrader.ca/a/mazda/cx-5/coquitlam/british%20columbia/5_69188084_20250409140953071/,2026-02-24T04:58:38,2026-02-24T04:58:38,0.0,0
autotrader,65693546,2011 Honda CR-V EX,15995,145067,VICTORIA,https://www.autotrader.ca/a/honda/cr-v/victoria/british%20columbia/5_65693546_20200210212409349/,2025-04-01T05:26:11,2025-04-09T15:35:08,8.423,1
autotrader,19_13065654_,2012 Honda CR-V AWD 5dr LX,15995,142000,KELOWNA,https://www.autotrader.ca/a/honda/cr-v/kelowna/british%20columbia/19_13065654_/,2025-04-04T15:47:22,2025-04-09T15:35:08,4.992,1
autotrader,65916667,"2015 Honda CR-V EX-L; AUTOMATIC, SUNROOF, AWD, HEATED SEATS, A/C,",15997,175244,LANGLEY CITY,https://www.autotrader.ca/a/honda/cr-v/langley%20city/british%20columbia/5_65916667_20200715134228750/,2025-04-04T15:47:22,2025-04-07T13:41:28,2.913,1
autotrader,65975366,2011 Honda CR-V 4WD 5dr EX-L | Bluetooth | Touchscreen | Keyless E,15997,147358,KELOWNA,https://www.autotrader.ca/a/honda/cr-v/kelowna/british%20columbia/5_65975366_20240930190045714/,2025-04-09T15:35:08,2025-04-09T15:35:08,0.0,1
autotrader,69233822,2017 Honda CR-V EX-L,15998,236407,ABBOTSFORD,https://www.autotrader.ca/a/honda/cr-v/abbotsford/british%20columbia/5_69233822_20171107130415834/,2026-02-24T04:58:38,2026-02-24T04:58:38,0.0,0
autotrader,65034052,2012 Honda CR-V AWD 5dr EX-L,15999,87139,RICHMOND,https://www.autotrader.ca/a/honda/cr-v/richmond/british%20columbia/5_65034052_20240515163748019/,2025-04-01T05:26:11,2025-04-09T15:35:08,8.423,1
autotrader,65966960,2014 Mazda CX-5 GX AWD / TOUCHSCREEN / PUSH BUTTON START!,15999,131046,NANAIMO,https://www.autotrader.ca/a/mazda/cx-5/nanaimo/british%20columbia/5_65966960_ct200422311759257/,2025-04-09T15:35:08,2025-04-09T15:35:08,0.0,1
autotrader,68796306,2016 Mazda CX-5 GS AUTO LEATHER SUNROOF NAVIGATION,16480,142966,SURREY,https://www.autotrader.ca/a/mazda/cx-5/surrey/british%20columbia/5_68796306_bs200622195818/,2026-02-24T04:58:38,2026-02-24T04:58:38,0.0,0
autotrader,63374465,2014 Honda CR-V AWD 5dr EX,16500,159259,NORTH VANCOUVER,https://www.autotrader.ca/a/honda/cr-v/north%20vancouver/british%20columbia/5_63374465_20220214145504136/,2025-04-01T05:14:40,2025-04-09T15:35:08,8.431,1
autotrader,65871211,2013 Toyota RAV4 AWD 4dr XLE,16800,135811,RICHMOND,https://www.autotrader.ca/a/toyota/rav4/richmond/british%20columbia/5_65871211_20240515163748019/,2025-04-01T05:30:53,2025-04-09T15:35:08,8.42,1
autotrader,65473615,2017 Toyota RAV4 LE,16818,150993,DUNCAN,https://www.autotrader.ca/a/toyota/rav4/duncan/british%20columbia/5_65473615_bs2007530142258/,2025-04-01T05:30:53,2025-04-09T15:35:08,8.42,1
autotrader,65894747,2014 Honda CR-V EX-L - HEATED SEATS | BACKUP CAM | SUNROOF,16888,175466,KAMLOOPS,https://www.autotrader.ca/a/honda/cr-v/kamloops/british%20columbia/5_65894747_20150604090853019/,2025-04-02T14:43:27,2025-04-04T15:47:22,2.044,1
autotrader,65805846,2014 Honda CR-V AWD 5dr EX,16900,185650,DUNCAN,https://www.autotrader.ca/a/honda/cr-v/duncan/british%20columbia/5_65805846_ct2006425113832706/,2025-04-01T05:14:40,2025-04-09T15:35:08,8.431,1
autotrader,65864163,2013 Honda CR-V EX-L,16916,157935,NANAIMO,https://www.autotrader.ca/a/honda/cr-v/nanaimo/british%20columbia/5_65864163_20181218190424937/,2025-04-04T15:47:22,2025-04-09T15:35:08,4.992,1
autotrader,65727289,2014 Toyota RAV4 LE | No Accident | Low Mileage |,16980,142142,COQUITLAM,https://www.autotrader.ca/a/toyota/rav4/coquitlam/british%20columbia/5_65727289_20191204192538227/,2025-04-01T05:30:53,2025-04-04T15:47:22,3.428,1
autotrader,65557836,2016 Toyota RAV4 | AWD | Bluetooth Connectivity!,16986,182732,VICTORIA,https://www.autotrader.ca/a/toyota/rav4/victoria/british%20columbia/5_65557836_20140304153549160/,2025-04-01T05:30:53,2025-04-01T05:30:53,0.0,1
autotrader,65919735,2013 Honda CR-V NO ACCIDENT|HEATED SEAT|LEATHER SEAT|SUNROOF|NAVIG,16990,149035,SURREY,https://www.autotrader.ca/a/honda/cr-v/surrey/british%20columbia/5_65919735_bs20076815274/,2025-04-04T15:47:22,2025-04-09T15:35:08,4.992,1
autotrader,65970833,2016 Toyota RAV4 se,16990,228000,BURNABY,https://www.autotrader.ca/a/toyota/rav4/burnaby/british%20columbia/5_65970833_20240312161704555/,2025-04-07T13:41:28,2025-04-09T15:35:08,2.079,1
autotrader,68914331,2016 Honda CR-V AWD 5dr EX,16990,175000,SURREY,https://www.autotrader.ca/a/honda/cr-v/surrey/british%20columbia/5_68914331_20250929154111800/,2026-02-24T04:58:38,2026-02-24T04:58:38,0.0,0
autotrader,65798310,"2016 Mazda CX-5 GS AWD- New Tires, plus a set of Winters!",16995,129796,PITT MEADOWS,https://www.autotrader.ca/a/mazda/cx-5/pitt%20meadows/british%20columbia/5_65798310_bs20063292439/,2025-04-01T04:37:11,2025-04-04T15:47:22,3.465,1
autotrader,65884691,2016 Mazda CX-5 GT AWD - WELL EQUIPPED - VERSATILE!,16995,142038,BURNABY,https://www.autotrader.ca/a/mazda/cx-5/burnaby/british%20columbia/5_65884691_20120330161920779/,2025-04-04T15:47:22,2025-04-04T15:47:22,0.0,1
autotrader,65961540,2015 Mazda CX-5 GT,16995,144358,VANCOUVER,https://www.autotrader.ca/a/mazda/cx-5/vancouver/british%20columbia/5_65961540_20190507144757045/,2025-04-07T13:41:28,2025-04-09T15:35:08,2.079,1
autotrader,65964147,2011 Honda CR-V 4WD 5dr EX-L,16995,104988,VANCOUVER,https://www.autotrader.ca/a/honda/cr-v/vancouver/british%20columbia/5_65964147_bs2004817114925/,2025-04-09T15:35:08,2025-04-09T15:35:08,0.0,1
autotrader,69215575,2016 Mazda CX-5 GS,16995,145003,VICTORIA,https://www.autotrader.ca/a/mazda/cx-5/victoria/british%20columbia/5_69215575_20201126185304300/,2026-02-24T04:58:38,2026-02-24T04:58:38,0.0,0
autotrader,65889224,"2015 Honda CR-V EX; AUTOMATIC, SUNROOF, AWD, HEATED SEATS/WHEEL, A",16997,168000,LANGLEY CITY,https://www.autotrader.ca/a/honda/cr-v/langley%20city/british%20columbia/5_65889224_20200715134228750/,2025-04-01T05:14:40,2025-04-09T15:35:08,8.431,1
autotrader,19_13070623_,2011 Honda CR-V 4WD 5dr EX-L,17000,116000,CAMPBELL RIVER,https://www.autotrader.ca/a/honda/cr-v/campbell%20river/british%20columbia/19_13070623_/,2025-04-09T15:35:08,2025-04-09T15:35:08,0.0,1
autotrader,19_13242036_,2021 Honda CR-V,17000,200000,DELTA,https://www.autotrader.ca/a/honda/cr-v/delta/british%20columbia/19_13242036_/,2026-02-24T04:58:38,2026-02-24T04:58:38,0.0,0
autotrader,19_13040827_,2015 Honda CR-V AWD 5dr EX-L,17100,166580,COQUITLAM,https://www.autotrader.ca/a/honda/cr-v/coquitlam/british%20columbia/19_13040827_/,2025-04-01T05:14:40,2025-04-09T15:35:08,8.431,1
autotrader,69332380,2014 Toyota RAV4 LIMITED,17299,213692,VICTORIA,https://www.autotrader.ca/a/toyota/rav4/victoria/british%20columbia/5_69332380_bs200424111129/,2026-02-24T04:58:38,2026-02-24T04:58:38,0.0,0
autotrader,65738795,2013 Honda CR-V TOURING | AWD | LEATHER | PWR EQUIPMENT,17488,133459,VICTORIA,https://www.autotrader.ca/a/honda/cr-v/victoria/british%20columbia/5_65738795_20181030195342911/,2025-04-01T05:14:40,2025-04-01T05:30:53,0.011,1
autotrader,65116561,2018 Honda CR-V Touring - ONE OWNER | REMOTE START | NAV,17495,225914,KAMLOOPS,https://www.autotrader.ca/a/honda/cr-v/kamloops/british%20columbia/5_65116561_20150604090853019/,2025-04-01T05:26:11,2025-04-07T13:41:28,6.344,1
autotrader,64825985,2013 Toyota RAV4 Limited,17499,220731,TRAIL,https://www.autotrader.ca/a/toyota/rav4/trail/british%20columbia/5_64825985_20220802194156536/,2025-04-01T05:30:53,2025-04-09T15:35:08,8.42,1
autotrader,69413628,"2017 Honda CR-V LX AWD | Clean Title, Local Car!",17500,184705,RICHMOND,https://www.autotrader.ca/a/honda/cr-v/richmond/british%20columbia/5_69413628_bs200632210576/,2026-02-24T04:58:38,2026-02-24T04:58:38,0.0,0
autotrader,69397504,2012 Honda CR-V EX | Clean History | AWD |,17585,120645,VICTORIA,https://www.autotrader.ca/a/honda/cr-v/victoria/british%20columbia/5_69397504_ct20044511046681/,2026-02-24T04:58:38,2026-02-24T04:58:38,0.0,0
autotrader,65789495,"2014 Honda CR-V 4WD Touring *LOCAL, ONE OWNER VEHICLE*",17800,166291,MAPLE RIDGE,https://www.autotrader.ca/a/honda/cr-v/maple%20ridge/british%20columbia/5_65789495_20210728183148750/,2025-04-09T15:35:08,2025-04-09T15:35:08,0.0,1
autotrader,65770543,2016 Mazda CX-5 GS,17888,133077,SURREY,https://www.autotrader.ca/a/mazda/cx-5/surrey/british%20columbia/5_65770543_20160317105021292/,2025-04-01T04:37:11,2025-04-09T15:35:08,8.457,1
autotrader,65908634,2012 Honda CR-V EX AWD / VERY LOW KILOMETERS / 1 OWNER,17888,40823,VANCOUVER,https://www.autotrader.ca/a/honda/cr-v/vancouver/british%20columbia/5_65908634_bs200697154032/,2025-04-07T13:41:28,2025-04-09T15:35:08,2.079,1
autotrader,69262995,2018 Honda CR-V EX,17888,214016,SURREY,https://www.autotrader.ca/a/honda/cr-v/surrey/british%20columbia/5_69262995_20160317105021292/,2026-02-24T04:58:38,2026-02-24T04:58:38,0.0,0
autotrader,19_13059782_,2015 Honda CR-V AWD 5dr EX-L,17899,119500,BURNABY,https://www.autotrader.ca/a/honda/cr-v/burnaby/british%20columbia/19_13059782_/,2025-04-01T05:14:40,2025-04-07T13:41:28,6.352,1
autotrader,69340846,2015 Honda CR-V EX-L | Moonroof | Dual Climate Ctrl | Heated Seats,17900,155514,DUNCAN,https://www.autotrader.ca/a/honda/cr-v/duncan/british%20columbia/5_69340846_ct2006425113832706/,2026-02-24T04:58:38,2026-02-24T04:58:38,0.0,0
autotrader,65467063,2016 Mazda CX-5 GS AWD | Great Drive |,17980,149968,COQUITLAM,https://www.autotrader.ca/a/mazda/cx-5/coquitlam/british%20columbia/5_65467063_20191204192538227/,2025-04-01T04:37:11,2025-04-09T15:35:08,8.457,1
autotrader,69376866,2014 Mazda CX-5 LEATHER SEATS|HEATED SEATS AND STEERING|SUNROOF|BA,17985,56379,SURREY,https://www.autotrader.ca/a/mazda/cx-5/surrey/british%20columbia/5_69376866_bs20076815274/,2026-02-24T04:58:38,2026-02-24T04:58:38,0.0,0
autotrader,65738475,2015 Toyota RAV4 LE,17988,154468,MAPLE RIDGE,https://www.autotrader.ca/a/toyota/rav4/maple%20ridge/british%20columbia/5_65738475_bs200446162230/,2025-04-01T05:30:53,2025-04-09T15:35:08,8.42,1
autotrader,62745417,2014 Honda CR-V AWD Comfortable -Excellent fuel economy,17995,186826,NEW WESTMINSTER,https://www.autotrader.ca/a/honda/cr-v/new%20westminster/british%20columbia/5_62745417_20140403092404073/,2025-04-01T05:14:40,2025-04-09T15:35:08,8.431,1
autotrader,61368376,2016 Honda CR-V AWD SE FINANCING AVAILABLE!,17995,200723,NEW WESTMINSTER,https://www.autotrader.ca/a/honda/cr-v/new%20westminster/british%20columbia/5_61368376_20140403092404073/,2025-04-01T05:14:40,2025-04-09T15:35:08,8.431,1
autotrader,63205759,"2012 Honda CR-V AWD, Touring, Warranty Included!",17995,165939,NEW WESTMINSTER,https://www.autotrader.ca/a/honda/cr-v/new%20westminster/british%20columbia/5_63205759_20140403092404073/,2025-04-01T05:26:11,2025-04-09T15:35:08,8.423,1
autotrader,65904296,2013 Toyota RAV4 Limited | SUNROOF | LEATHER | POWER LIFTGATE,17995,154035,KELOWNA,https://www.autotrader.ca/a/toyota/rav4/kelowna/british%20columbia/5_65904296_20170105223503536/,2025-04-04T15:47:22,2025-04-09T15:35:08,4.992,1
autotrader,69198759,2016 Honda CR-V AWD 5dr EX,17995,145100,BURNABY,https://www.autotrader.ca/a/honda/cr-v/burnaby/british%20columbia/5_69198759_20181204195825495/,2026-02-24T04:58:38,2026-02-24T04:58:38,0.0,0
autotrader,69304044,2014 Honda CR-V EX-L,17995,189500,VICTORIA,https://www.autotrader.ca/a/honda/cr-v/victoria/british%20columbia/5_69304044_20200210212409349/,2026-02-24T04:58:38,2026-02-24T04:58:38,0.0,0
autotrader,69102463,2018 Honda CR-V LX - CLAIM FREE | REMOTE START | AWD,17995,200575,KAMLOOPS,https://www.autotrader.ca/a/honda/cr-v/kamloops/british%20columbia/5_69102463_20150604090853019/,2026-02-24T04:58:38,2026-02-24T04:58:38,0.0,0
autotrader,65852952,2016 Mazda CX-5 GS - Sunroof - Heated Seats - $190 B/W,17998,149184,SURREY,https://www.autotrader.ca/a/mazda/cx-5/surrey/british%20columbia/5_65852952_20120606095705156/,2025-04-01T04:37:11,2025-04-02T14:43:27,1.421,1
autotrader,65882492,2016 Toyota RAV4 SE - Navigation - Sunroof - Leather Seats,17998,204445,KAMLOOPS,https://www.autotrader.ca/a/toyota/rav4/kamloops/british%20columbia/5_65882492_20210618161949248/,2025-04-01T05:30:53,2025-04-09T15:35:08,8.42,1
autotrader,65973662,2015 Honda CR-V Touring AWD ONE OWNER NO ACCIDENTS FULLY INSPECTED,17998,170500,PORT MOODY,https://www.autotrader.ca/a/honda/cr-v/port%20moody/british%20columbia/5_65973662_20080829111146687/,2025-04-09T15:35:08,2025-04-09T15:35:08,0.0,1
autotrader,69089424,"2015 Honda CR-V EX AWD - Local, 1 Owner, Low KM!",17998,153034,BURNABY,https://www.autotrader.ca/a/honda/cr-v/burnaby/british%20columbia/5_69089424_bs2004922114833/,2026-02-24T04:58:38,2026-02-24T04:58:38,0.0,0
autotrader,19_13046451_,2017 Mazda CX-5 FWD 4dr Auto GS,17999,147837,VERNON,https://www.autotrader.ca/a/mazda/cx-5/vernon/british%20columbia/19_13046451_/,2025-04-01T04:37:11,2025-04-09T15:35:08,8.457,1
autotrader,64244915,2015 Toyota RAV4 LE AWD. FULL SERVICE RECORD.,17999,161865,RICHMOND,https://www.autotrader.ca/a/toyota/rav4/richmond/british%20columbia/5_64244915_20240515163748019/,2025-04-01T05:30:53,2025-04-09T15:35:08,8.42,1
autotrader,19_12699288_,2013 Toyota RAV4 AWD 4dr Limited,18000,146000,BURNABY,https://www.autotrader.ca/a/toyota/rav4/burnaby/british%20columbia/19_12699288_/,2025-04-07T13:41:28,2025-04-09T15:35:08,2.079,1
autotrader,69392185,2015 Honda CR-V 2WD 5dr LX,18295,119778,VANCOUVER,https://www.autotrader.ca/a/honda/cr-v/vancouver/british%20columbia/5_69392185_bs2004817114925/,2026-02-24T04:58:38,2026-02-24T04:58:38,0.0,0
autotrader,65729283,2016 Mazda CX-5 GT,18296,122407,NANAIMO,https://www.autotrader.ca/a/mazda/cx-5/nanaimo/british%20columbia/5_65729283_20240429141014415/,2025-04-04T15:47:22,2025-04-09T15:35:08,4.992,1
autotrader,65919761,2014 Honda CR-V EX-L | No Accident,18299,116273,RICHMOND,https://www.autotrader.ca/a/honda/cr-v/richmond/british%20columbia/5_65919761_bs20052149580/,2025-04-04T15:47:22,2025-04-09T15:35:08,4.992,1
autotrader,69049690,"2017 Honda CR-V LX - No Accidents, Heated Seats, AWD",18299,197796,COURTENAY,https://www.autotrader.ca/a/honda/cr-v/courtenay/british%20columbia/5_69049690_20150421145009542/,2026-02-24T04:58:38,2026-02-24T04:58:38,0.0,0
autotrader,65652224,2016 Mazda CX-5 GS AWD at (2),18333,122184,PORT MOODY,https://www.autotrader.ca/a/mazda/cx-5/port%20moody/british%20columbia/5_65652224_20080829111146687/,2025-04-01T04:37:11,2025-04-09T15:35:08,8.457,1
autotrader,69335440,2016 Honda CR-V LX,18388,167318,NANAIMO,https://www.autotrader.ca/a/honda/cr-v/nanaimo/british%20columbia/5_69335440_20251202205540188/,2026-02-24T04:58:38,2026-02-24T04:58:38,0.0,0
autotrader,64550748,2018 Honda CR-V LX,18433,170242,NANAIMO,https://www.autotrader.ca/a/honda/cr-v/nanaimo/british%20columbia/5_64550748_20181218190424937/,2025-04-01T05:26:11,2025-04-01T05:30:53,0.003,1
autotrader,69140043,2017 Honda CR-V AWD 5dr Touring,18495,166000,SURREY,https://www.autotrader.ca/a/honda/cr-v/surrey/british%20columbia/5_69140043_ct200621410013706/,2026-02-24T04:58:38,2026-02-24T04:58:38,0.0,0
autotrader,65398210,2016 Mazda CX-5,18499,112632,SURREY,https://www.autotrader.ca/a/mazda/cx-5/surrey/british%20columbia/5_65398210_20170605130000785/,2025-04-01T04:37:11,2025-04-09T15:35:08,8.457,1
autotrader,65828501,2012 Honda CR-V Touring (INCOMING UNIT),18509,171404,PENTICTON,https://www.autotrader.ca/a/honda/cr-v/penticton/british%20columbia/5_65828501_ct2004326103829817/,2025-04-01T05:26:11,2025-04-09T15:35:08,8.423,1
autotrader,65735408,2014 Honda CR-V EX,18670,118383,NANAIMO,https://www.autotrader.ca/a/honda/cr-v/nanaimo/british%20columbia/5_65735408_20181218190424937/,2025-04-07T13:41:28,2025-04-09T15:35:08,2.079,1
autotrader,19_13247312_,2013 Toyota RAV4 AWD 4dr XLE,18675,128360,LANGLEY,https://www.autotrader.ca/a/toyota/rav4/langley/british%20columbia/19_13247312_/,2026-02-24T04:58:38,2026-02-24T04:58:38,0.0,0
autotrader,65769383,2014 Mazda CX-5 GS | Low Mileage | 2 Sets of tires! YES! Mileage i,18795,66687,VANCOUVER,https://www.autotrader.ca/a/mazda/cx-5/vancouver/british%20columbia/5_65769383_20190507144757045/,2025-04-01T04:37:11,2025-04-09T15:35:08,8.457,1
autotrader,65557697,2014 Mazda CX-5 AWD 4dr Auto GT,18888,134515,SURREY,https://www.autotrader.ca/a/mazda/cx-5/surrey/british%20columbia/5_65557697_20061016160800017/,2025-04-01T04:37:11,2025-04-09T15:35:08,8.457,1
autotrader,65858066,"2013 Toyota RAV4 AWD XLE Local vehicle, well maintained",18898,159100,SURREY,https://www.autotrader.ca/a/toyota/rav4/surrey/british%20columbia/5_65858066_20190115192019191/,2025-04-01T05:30:53,2025-04-09T15:35:08,8.42,1
autotrader,69387772,2014 Toyota RAV4 XLE AWD,18900,133217,RICHMOND,https://www.autotrader.ca/a/toyota/rav4/richmond/british%20columbia/5_69387772_20220304191347732/,2026-02-24T04:58:38,2026-02-24T04:58:38,0.0,0
autotrader,68267724,2018 Toyota RAV4 AWD XLE Hybrid | Clean Title Local Car,18900,211685,RICHMOND,https://www.autotrader.ca/a/toyota/rav4/richmond/british%20columbia/5_68267724_20230321170347142/,2026-02-24T04:58:38,2026-02-24T04:58:38,0.0,0
autotrader,69195077,2016 Mazda CX-5 AWD GT LEATHER BOSE SUNROOF,18980,164610,SURREY,https://www.autotrader.ca/a/mazda/cx-5/surrey/british%20columbia/5_69195077_bs200622195818/,2026-02-24T04:58:38,2026-02-24T04:58:38,0.0,0
autotrader,63678673,2016 Toyota RAV4 AWD Warranty Included!! Mechanically Inspected!,18995,237764,NEW WESTMINSTER,https://www.autotrader.ca/a/toyota/rav4/new%20westminster/british%20columbia/5_63678673_20140403092404073/,2025-04-01T05:30:53,2025-04-09T15:35:08,8.42,1
autotrader,65914264,2016 Mazda CX-5 GS - Sunroof - Heated Seats - $184 B/W,18995,113283,PITT MEADOWS,https://www.autotrader.ca/a/mazda/cx-5/pitt%20meadows/british%20columbia/5_65914264_bs20044616214/,2025-04-02T14:43:27,2025-04-07T13:41:28,4.957,1
autotrader,69226415,2016 Mazda CX-5 GT | ONE OWNER | LOW KMS | SUNROOF | BACKUP CAM,18995,130065,KELOWNA,https://www.autotrader.ca/a/mazda/cx-5/kelowna/british%20columbia/5_69226415_20170105223503536/,2026-02-24T04:58:38,2026-02-24T04:58:38,0.0,0
autotrader,19_13241436_,2014 Honda CR-V AWD 5dr Touring,18995,177577,SURREY,https://www.autotrader.ca/a/honda/cr-v/surrey/british%20columbia/19_13241436_/,2026-02-24T04:58:38,2026-02-24T04:58:38,0.0,0
autotrader,68460388,2016 Toyota RAV4 Hybrid XLE AWD,18998,201000,SOOKE,https://www.autotrader.ca/a/toyota/rav4/sooke/british%20columbia/5_68460388_20210419185601546/,2026-02-24T04:58:38,2026-02-24T04:58:38,0.0,0
autotrader,69406369,2016 Mazda CX-5 GS,18999,120947,ABBOTSFORD,https://www.autotrader.ca/a/mazda/cx-5/abbotsford/british%20columbia/5_69406369_20231115153126485/,2026-02-24T04:58:38,2026-02-24T04:58:38,0.0,0
autotrader,64392158,2018 Honda CR-V Touring,19034,196764,PENTICTON,https://www.autotrader.ca/a/honda/cr-v/penticton/british%20columbia/5_64392158_20231031170126014/,2025-04-01T05:26:11,2025-04-07T13:41:28,6.344,1
autotrader,65842146,2014 Honda CR-V HEATED SEAT|LEATHER SEAT|SUNROOF|NAVIGATION|BLUETO,19460,104067,SURREY,https://www.autotrader.ca/a/honda/cr-v/surrey/british%20columbia/5_65842146_bs20076815274/,2025-04-01T05:14:40,2025-04-09T15:35:08,8.431,1
autotrader,68810590,"2015 Honda CR-V SE Well Maintained, Clean Title, AWD, Great Value",19495,126538,ABBOTSFORD,https://www.autotrader.ca/a/honda/cr-v/abbotsford/british%20columbia/5_68810590_20150723080519246/,2026-02-24T04:58:38,2026-02-24T04:58:38,0.0,0
autotrader,69283334,2015 Honda CR-V AWD 5dr Touring,19523,126000,COQUITLAM,https://www.autotrader.ca/a/honda/cr-v/coquitlam/british%20columbia/5_69283334_20250513191013821/,2026-02-24T04:58:38,2026-02-24T04:58:38,0.0,0
autotrader,65816054,2016 Mazda CX-5 GT,19599,109291,ABBOTSFORD,https://www.autotrader.ca/a/mazda/cx-5/abbotsford/british%20columbia/5_65816054_20231115153126485/,2025-04-02T14:43:27,2025-04-02T14:43:27,0.0,1
autotrader,65509001,"2016 Mazda CX-5 GS, AWD, Sunroof",19688,129747,KELOWNA,https://www.autotrader.ca/a/mazda/cx-5/kelowna/british%20columbia/5_65509001_20240930190045714/,2025-04-01T04:37:11,2025-04-09T15:35:08,8.457,1
autotrader,69240249,2015 Mazda CX-5 GS - CLAIM FREE | HEATED SEATS | AWD,19699,72510,KAMLOOPS,https://www.autotrader.ca/a/mazda/cx-5/kamloops/british%20columbia/5_69240249_20150604090853019/,2026-02-24T04:58:38,2026-02-24T04:58:38,0.0,0
autotrader,65965524,"2013 Toyota RAV4 FWD LE Local vehicle, upgrade package",19798,110162,SURREY,https://www.autotrader.ca/a/toyota/rav4/surrey/british%20columbia/5_65965524_20190115192019191/,2025-04-07T13:41:28,2025-04-09T15:35:08,2.079,1
autotrader,65858161,"2016 Toyota RAV4 RAV4 AWD LE, Cruise Control and More!",19799,134826,LANGLEY,https://www.autotrader.ca/a/toyota/rav4/langley/british%20columbia/5_65858161_20141114120214491/,2025-04-01T05:30:53,2025-04-09T15:35:08,8.42,1
autotrader,67663206,2016 Mazda CX-5 GS. LOCAL BC VEHICLE. FULL SERVICE RECORD. LOW ON,19800,85045,RICHMOND,https://www.autotrader.ca/a/mazda/cx-5/richmond/british%20columbia/5_67663206_20240515163748019/,2026-02-24T04:58:38,2026-02-24T04:58:38,0.0,0
autotrader,65522167,2016 Honda CR-V 4WD Touring,19930,173066,VICTORIA,https://www.autotrader.ca/a/honda/cr-v/victoria/british%20columbia/5_65522167_20150528113952949/,2025-04-01T05:14:40,2025-04-09T15:35:08,8.431,1
autotrader,69299637,2016 Honda CR-V SE AWD | One Owner!,19955,146430,VICTORIA,https://www.autotrader.ca/a/honda/cr-v/victoria/british%20columbia/5_69299637_20140304153549160/,2026-02-24T04:58:38,2026-02-24T04:58:38,0.0,0
autotrader,65467222,2017 Toyota RAV4 AWD 4dr LE,19977,176237,KELOWNA,https://www.autotrader.ca/a/toyota/rav4/kelowna/british%20columbia/5_65467222_20240628160652692/,2025-04-01T05:30:53,2025-04-09T15:35:08,8.42,1
autotrader,65849990,2015 Mazda CX-5 GT AWD | LOW KM | TOP TRIM LEVEL | GOOD CONDITION,19995,94477,VANCOUVER,https://www.autotrader.ca/a/mazda/cx-5/vancouver/british%20columbia/5_65849990_20211201150023134/,2025-04-01T04:37:11,2025-04-09T15:35:08,8.457,1
autotrader,65140796,"2016 Mazda CX-5 GS - No Accidents, Sunroof, Heated Seats, NAV",19995,180526,NANAIMO,https://www.autotrader.ca/a/mazda/cx-5/nanaimo/british%20columbia/5_65140796_20120802110101668/,2025-04-01T04:37:11,2025-04-09T15:35:08,8.457,1
autotrader,69340537,2014 Mazda CX-5 AWD 4dr Auto GT,19995,59476,KELOWNA,https://www.autotrader.ca/a/mazda/cx-5/kelowna/british%20columbia/5_69340537_20131112084619772/,2026-02-24T04:58:38,2026-02-24T04:58:38,0.0,0
autotrader,69314443,2018 Honda CR-V LX AWD,19995,197377,VANCOUVER,https://www.autotrader.ca/a/honda/cr-v/vancouver/british%20columbia/5_69314443_20130611160037886/,2026-02-24T04:58:38,2026-02-24T04:58:38,0.0,0
autotrader,65659558,2011 Honda CR-V LX,19998,68450,PARKSVILLE,https://www.autotrader.ca/a/honda/cr-v/parksville/british%20columbia/5_65659558_20130911115053546/,2025-04-01T05:26:11,2025-04-01T05:30:53,0.003,1
autotrader,19_13055887_,2016 Honda CR-V AWD 5dr Touring,19999,100000,LANGLEY,https://www.autotrader.ca/a/honda/cr-v/langley/british%20columbia/19_13055887_/,2025-04-01T05:14:40,2025-04-02T14:43:27,1.395,1
autotrader,65112277,2016 Honda CR-V SE | No Reported Accidents!,19999,205004,VICTORIA,https://www.autotrader.ca/a/honda/cr-v/victoria/british%20columbia/5_65112277_20140304153549160/,2025-04-01T05:14:40,2025-04-09T15:35:08,8.431,1
autotrader,69327453,2016 Mazda CX-5 GT AWD / LEATHER / ROOF / HEATED SEATS,19999,122989,NANAIMO,https://www.autotrader.ca/a/mazda/cx-5/nanaimo/british%20columbia/5_69327453_ct200422311759257/,2026-02-24T04:58:38,2026-02-24T04:58:38,0.0,0
autotrader,65494406,"2016 Mazda CX-5 GT Navigation, Sunroof",20497,130066,KELOWNA,https://www.autotrader.ca/a/mazda/cx-5/kelowna/british%20columbia/5_65494406_20240930190045714/,2025-04-01T04:37:11,2025-04-09T15:35:08,8.457,1
autotrader,65737592,"2016 Mazda CX-5 GS - 17"" Alloy Wheels & Power Moonroof",20595,110037,LANGFORD,https://www.autotrader.ca/a/mazda/cx-5/langford/british%20columbia/5_65737592_20120802114002253/,2025-04-01T04:37:11,2025-04-01T05:30:53,0.037,1
autotrader,65513247,"2016 Honda CR-V SE AWD - A/C, Backup Camera, Alloys",20800,160450,SURREY,https://www.autotrader.ca/a/honda/cr-v/surrey/british%20columbia/5_65513247_20190808175712467/,2025-04-01T05:14:40,2025-04-09T15:35:08,8.431,1
autotrader,69332356,2017 Honda CR-V EX,20800,144596,PORT MOODY,https://www.autotrader.ca/a/honda/cr-v/port%20moody/british%20columbia/5_69332356_bs2004521111731/,2026-02-24T04:58:38,2026-02-24T04:58:38,0.0,0
autotrader,65829973,2017 Toyota RAV4 XLE SUNROOF | BLUETOOTH | HEATED SEATS | BACKUP CA,20888,200485,CHILLIWACK,https://www.autotrader.ca/a/toyota/rav4/chilliwack/british%20columbia/5_65829973_20240313160731093/,2025-04-01T05:30:53,2025-04-09T15:35:08,8.42,1
autotrader,67834075,2020 Toyota RAV4 XLE AWD | GREAT DRIVE | FREE Driver's Shield Warra,20890,216200,COQUITLAM,https://www.autotrader.ca/a/toyota/rav4/coquitlam/british%20columbia/5_67834075_20191204192538227/,2026-02-24T04:58:38,2026-02-24T04:58:38,0.0,0
autotrader,65111937,2016 Honda CR-V EX-L AWD | Sunroof | Backup Camera | Heated Leathe,20893,128787,ABBOTSFORD,https://www.autotrader.ca/a/honda/cr-v/abbotsford/british%20columbia/5_65111937_20110929111242990/,2025-04-01T05:14:40,2025-04-09T15:35:08,8.431,1
autotrader,65868688,2016 Honda CR-V LX,20900,93650,PORT MOODY,https://www.autotrader.ca/a/honda/cr-v/port%20moody/british%20columbia/5_65868688_bs2004521111731/,2025-04-01T05:14:40,2025-04-04T15:47:22,3.439,1
autotrader,65364375,2018 Toyota RAV4 XLE,20900,174394,VANCOUVER,https://www.autotrader.ca/a/toyota/rav4/vancouver/british%20columbia/5_65364375_bs2006612103411/,2025-04-01T05:30:53,2025-04-07T13:41:28,6.341,1
autotrader,65895921,2013 Honda CR-V AWD Touring,20995,70046,NANAIMO,https://www.autotrader.ca/a/honda/cr-v/nanaimo/british%20columbia/5_65895921_20221005201416273/,2025-04-01T05:14:40,2025-04-02T14:43:27,1.395,1
autotrader,65933302,2016 Mazda CX-5 GS AWD at (2) | 1-Owner | Local Trade | Back-Up Ca,20995,108900,SURREY,https://www.autotrader.ca/a/mazda/cx-5/surrey/british%20columbia/5_65933302_bs200697155619/,2025-04-04T15:47:22,2025-04-09T15:35:08,4.992,1
autotrader,65921450,"2016 Honda CR-V Touring - Power Leather Seats, Navigation, Sunroof",20995,127399,PORT COQUITLAM,https://www.autotrader.ca/a/honda/cr-v/surrey/british%20columbia/5_65921450_20230822160019656/,2025-04-04T15:47:22,2025-04-09T15:35:08,4.992,1
autotrader,65948089,2014 Honda CR-V LX FWD - Heated Front Seats & Air Conditioning,20995,61281,VICTORIA,https://www.autotrader.ca/a/honda/cr-v/victoria/british%20columbia/5_65948089_20210226205620609/,2025-04-07T13:41:28,2025-04-09T15:35:08,2.079,1
autotrader,65949908,2014 Honda CR-V NO ACCIDENT|LOW MILEAGE|HEATED SEAT|LEATHER SEAT|S,20995,82203,SURREY,https://www.autotrader.ca/a/honda/cr-v/surrey/british%20columbia/5_65949908_bs20076815274/,2025-04-07T13:41:28,2025-04-09T15:35:08,2.079,1
autotrader,68852687,2017 Toyota RAV4 AWD 4dr LE - SPACIOUS - VERSATILE!,20995,143851,BURNABY,https://www.autotrader.ca/a/toyota/rav4/burnaby/british%20columbia/5_68852687_20120330161920779/,2026-02-24T04:58:38,2026-02-24T04:58:38,0.0,0
autotrader,65886883,"2013 Toyota RAV4 LE FWD, Local, Low Kms, No accidents",20998,70000,BURNABY,https://www.autotrader.ca/a/toyota/rav4/burnaby/british%20columbia/5_65886883_bs2004922114833/,2025-04-01T05:30:53,2025-04-01T05:30:53,0.0,1
autotrader,19_13069004_,2015 Honda CR-V AWD 5dr Touring,21000,98225,BURNABY,https://www.autotrader.ca/a/honda/cr-v/burnaby/british%20columbia/19_13069004_/,2025-04-09T15:35:08,2025-04-09T15:35:08,0.0,1
autotrader,65882489,2016 Honda CR-V BC Only Vehicle | Honda Dealer Serviced | AWD,21270,120455,SURREY,https://www.autotrader.ca/a/honda/cr-v/surrey/british%20columbia/5_65882489_20200818190739796/,2025-04-01T05:14:40,2025-04-09T15:35:08,8.431,1
autotrader,65885260,2015 Honda CR-V SE AWD | SE | 2.4L | AWD | Super Low KM | 1 Owner,21388,57753,PORT MOODY,https://www.autotrader.ca/a/honda/cr-v/port%20moody/british%20columbia/5_65885260_bs2007320153136/,2025-04-01T05:14:40,2025-04-07T13:41:28,6.352,1
autotrader,65554343,2017 Honda CR-V LX AWD,21480,138644,BURNABY,https://www.autotrader.ca/a/honda/cr-v/burnaby/british%20columbia/5_65554343_bs2006317112029/,2025-04-01T05:14:40,2025-04-09T15:35:08,8.431,1
autotrader,69365649,2015 Toyota RAV4 Limited | AWD | New Front/Rear Brakes,21490,106639,VICTORIA,https://www.autotrader.ca/a/toyota/rav4/victoria/british%20columbia/5_69365649_20160815145025037/,2026-02-24T04:58:38,2026-02-24T04:58:38,0.0,0
autotrader,69288174,"2017 Honda CR-V EX AWD | Clean Title, Local Car",21499,131564,RICHMOND,https://www.autotrader.ca/a/honda/cr-v/richmond/british%20columbia/5_69288174_bs200632210576/,2026-02-24T04:58:38,2026-02-24T04:58:38,0.0,0
autotrader,68828086,"2022 Toyota RAV4 LE AUTO, KEYLESS ENTRY, FABRIC SEATS- HEATED, BLUE",21499,160618,KELOWNA,https://www.autotrader.ca/a/toyota/rav4/kelowna/british%20columbia/5_68828086_20250801131908192/,2026-02-24T04:58:38,2026-02-24T04:58:38,0.0,0
autotrader,19_13184777_,2020 Honda CR-V Sport AWD,21500,179000,REVELSTOKE,https://www.autotrader.ca/a/honda/cr-v/revelstoke/british%20columbia/19_13184777_/,2026-02-24T04:58:38,2026-02-24T04:58:38,0.0,0
autotrader,67929684,2017 Toyota RAV4 Hybrid 4dr LE+,21500,163907,RICHMOND,https://www.autotrader.ca/a/toyota/rav4/richmond/british%20columbia/5_67929684_20220304191347732/,2026-02-24T04:58:38,2026-02-24T04:58:38,0.0,0
autotrader,69287077,2017 Mazda CX-5 GS,21565,95597,SURREY,https://www.autotrader.ca/a/mazda/cx-5/surrey/british%20columbia/5_69287077_20241213202713863/,2026-02-24T04:58:38,2026-02-24T04:58:38,0.0,0
autotrader,69201935,2017 Honda CR-V LX AWD Single Owner. Fully Equipped. Confident in,21588,150225,SURREY,https://www.autotrader.ca/a/honda/cr-v/surrey/british%20columbia/5_69201935_bs200697155619/,2026-02-24T04:58:38,2026-02-24T04:58:38,0.0,0
autotrader,69385719,2015 Toyota RAV4 AWD 4dr LE - Good Kilometres Local Vehicle,21590,120016,VICTORIA,https://www.autotrader.ca/a/toyota/rav4/victoria/british%20columbia/5_69385719_bs200541292544/,2026-02-24T04:58:38,2026-02-24T04:58:38,0.0,0
autotrader,69369672,2014 Honda CR-V Touring. LOCAL BC VEHICLE. ONE OWNER. FULL SERVICE,21800,83888,RICHMOND,https://www.autotrader.ca/a/honda/cr-v/richmond/british%20columbia/5_69369672_20240515163748019/,2026-02-24T04:58:38,2026-02-24T04:58:38,0.0,0
autotrader,65842163,2016 Honda CR-V NO ACCIDENT|HEATED SEAT|KEYLESS ENTRY|POWER WINDOW,21900,99745,SURREY,https://www.autotrader.ca/a/honda/cr-v/surrey/british%20columbia/5_65842163_bs20076815274/,2025-04-01T05:14:40,2025-04-09T15:35:08,8.431,1
autotrader,69133507,2017 Mazda CX-5 KEYLESS ENTRY|HEATED SEAT|BLUETOOTH|NAVIGATION|BAC,21900,102344,SURREY,https://www.autotrader.ca/a/mazda/cx-5/surrey/british%20columbia/5_69133507_bs20076815274/,2026-02-24T04:58:38,2026-02-24T04:58:38,0.0,0
autotrader,69291901,2015 Honda CR-V AWD 5dr EX,21900,69311,COQUITLAM,https://www.autotrader.ca/a/honda/cr-v/coquitlam/british%20columbia/5_69291901_20180426122750351/,2026-02-24T04:58:38,2026-02-24T04:58:38,0.0,0
autotrader,69363120,2018 Honda CR-V Touring AWD | Leatherette Seats | Panoramic Sunroo,21900,165916,NANAIMO,https://www.autotrader.ca/a/honda/cr-v/nanaimo/british%20columbia/5_69363120_200461616536706/,2026-02-24T04:58:38,2026-02-24T04:58:38,0.0,0
autotrader,69230158,2017 Honda CR-V Touring,21900,213290,WILLIAMS LAKE,https://www.autotrader.ca/a/honda/cr-v/williams%20lake/british%20columbia/5_69230158_ct20041816288144/,2026-02-24T04:58:38,2026-02-24T04:58:38,0.0,0
autotrader,65684899,2018 Honda CR-V LX,21994,147548,NANAIMO,https://www.autotrader.ca/a/honda/cr-v/nanaimo/british%20columbia/5_65684899_20181218190424937/,2025-04-01T05:26:11,2025-04-04T15:47:22,3.431,1
autotrader,68976039,2017 Mazda CX-5 GS,21994,125734,MAPLE RIDGE,https://www.autotrader.ca/a/mazda/cx-5/maple%20ridge/british%20columbia/5_68976039_bs200446162230/,2026-02-24T04:58:38,2026-02-24T04:58:38,0.0,0
autotrader,65822066,2016 Mazda CX-5 GS - AWD- SUNROOF- REVERSE CAM- LOW KMS,21995,59805,PITT MEADOWS,https://www.autotrader.ca/a/mazda/cx-5/pitt%20meadows/british%20columbia/5_65822066_bs20044616214/,2025-04-01T04:37:11,2025-04-02T14:43:27,1.421,1
autotrader,65748295,2017 Honda CR-V LX,21995,143770,KAMLOOPS,https://www.autotrader.ca/a/honda/cr-v/kamloops/british%20columbia/5_65748295_20190711142205261/,2025-04-01T05:14:40,2025-04-09T15:35:08,8.431,1
autotrader,65247176,2018 Honda CR-V LX - REMOTE START | BACKUP CAM | HEATED SEATS,21995,148431,KAMLOOPS,https://www.autotrader.ca/a/honda/cr-v/kamloops/british%20columbia/5_65247176_20150604090853019/,2025-04-01T05:26:11,2025-04-01T05:30:53,0.003,1
autotrader,65834135,"2013 Toyota RAV4 LE - AWD, Bluetooth, Low Mileage",21995,135857,NANAIMO,https://www.autotrader.ca/a/toyota/rav4/nanaimo/british%20columbia/5_65834135_20120802110101668/,2025-04-01T05:30:53,2025-04-09T15:35:08,8.42,1
autotrader,65872676,2017 Honda CR-V Touring AWD | 1-Owner | Extensive Dealer Servicing,21995,193750,SURREY,https://www.autotrader.ca/a/honda/cr-v/surrey/british%20columbia/5_65872676_bs200697155619/,2025-04-04T15:47:22,2025-04-09T15:35:08,4.992,1
autotrader,69129898,2018 Honda CR-V Touring AWD,21995,126000,SURREY,https://www.autotrader.ca/a/honda/cr-v/surrey/british%20columbia/5_69129898_ct200621410013706/,2026-02-24T04:58:38,2026-02-24T04:58:38,0.0,0
autotrader,69072404,2017 Honda CR-V Touring AWD 1 Owner | Low KMs | Heated Steering |,21996,134286,VANCOUVER,https://www.autotrader.ca/a/honda/cr-v/vancouver/british%20columbia/5_69072404_20111205152027860/,2026-02-24T04:58:38,2026-02-24T04:58:38,0.0,0
autotrader,65560415,2016 Honda CR-V EX-L,21998,110144,ABBOTSFORD,https://www.autotrader.ca/a/honda/cr-v/abbotsford/british%20columbia/5_65560415_20190710152912506/,2025-04-01T05:14:40,2025-04-09T15:35:08,8.431,1
autotrader,65928873,2016 Honda CR-V TOURING,21998,136130,VICTORIA,https://www.autotrader.ca/a/honda/cr-v/victoria/british%20columbia/5_65928873_20170113165512288/,2025-04-04T15:47:22,2025-04-09T15:35:08,4.992,1
autotrader,68971537,2018 Honda CR-V LX AWD,21998,93004,SURREY,https://www.autotrader.ca/a/honda/cr-v/surrey/british%20columbia/5_68971537_bs2006915135453/,2026-02-24T04:58:38,2026-02-24T04:58:38,0.0,0
autotrader,65774965,2016 Mazda CX-5 GS-L LEATHER / SUNROOF / BACK UP CAM!!,21999,104889,NANAIMO,https://www.autotrader.ca/a/mazda/cx-5/nanaimo/british%20columbia/5_65774965_ct200422311759257/,2025-04-01T04:37:11,2025-04-09T15:35:08,8.457,1
autotrader,19_13264117_,2018 Honda CR-V LX AWD,22000,103000,308 SQUAMIS,https://www.autotrader.ca/a/honda/cr-v/308%20squamis/british%20columbia/19_13264117_/,2026-02-24T04:58:38,2026-02-24T04:58:38,0.0,0
autotrader,69183352,2021 Honda CR-V LX AWD - Backup Camera / Dual-Climate Control / Pu,22218,220016,PENTICTON,https://www.autotrader.ca/a/honda/cr-v/penticton/british%20columbia/5_69183352_ct2004326103829817/,2026-02-24T04:58:38,2026-02-24T04:58:38,0.0,0
autotrader,65670282,2017 Mazda CX-5 Grand Touring,22628,133823,NANAIMO,https://www.autotrader.ca/a/mazda/cx-5/nanaimo/british%20columbia/5_65670282_20181218190424937/,2025-04-09T15:35:08,2025-04-09T15:35:08,0.0,1
autotrader,68758518,2017 Honda CR-V AWD 5dr LX,22698,106438,RICHMOND,https://www.autotrader.ca/a/honda/cr-v/richmond/british%20columbia/5_68758518_20160222162355805/,2026-02-24T04:58:38,2026-02-24T04:58:38,0.0,0
autotrader,65919734,2013 Toyota RAV4 AWD XLE,22700,88423,RICHMOND,https://www.autotrader.ca/a/toyota/rav4/richmond/british%20columbia/5_65919734_bs200632210576/,2025-04-04T15:47:22,2025-04-04T15:47:22,0.0,1
autotrader,69118895,2017 Toyota RAV4 LE - HEATED SEATS | BACKUP CAM | AWD,22775,117212,KAMLOOPS,https://www.autotrader.ca/a/toyota/rav4/kamloops/british%20columbia/5_69118895_20150604090853019/,2026-02-24T04:58:38,2026-02-24T04:58:38,0.0,0
autotrader,65111153,2018 Honda CR-V,22888,147915,VANCOUVER,https://www.autotrader.ca/a/honda/cr-v/vancouver/british%20columbia/5_65111153_bs20069715416/,2025-04-01T05:26:11,2025-04-09T15:35:08,8.423,1
autotrader,65717761,2015 Toyota RAV4 Limited AWD - No Accidents! | Sunroof,22888,132182,NANAIMO,https://www.autotrader.ca/a/toyota/rav4/nanaimo/british%20columbia/5_65717761_20190819032119269/,2025-04-01T05:30:53,2025-04-09T15:35:08,8.42,1
autotrader,67957656,2017 Honda CR-V Touring AWD CLEAN TITLE LOCAL VEHICLE,22888,145720,SURREY,https://www.autotrader.ca/a/honda/cr-v/surrey/british%20columbia/5_67957656_20240913203531145/,2026-02-24T04:58:38,2026-02-24T04:58:38,0.0,0
autotrader,65227051,2016 Toyota RAV4 AWD 4dr LE,22900,96003,COQUITLAM,https://www.autotrader.ca/a/toyota/rav4/coquitlam/british%20columbia/5_65227051_20180426122750351/,2025-04-01T05:30:53,2025-04-09T15:35:08,8.42,1
autotrader,65883769,2017 Honda CR-V Touring NAV! Fully Loaded!,22995,153467,CHILLIWACK,https://www.autotrader.ca/a/honda/cr-v/chilliwack/british%20columbia/5_65883769_20230227145324458/,2025-04-01T05:14:40,2025-04-07T13:41:28,6.352,1
autotrader,65771901,"2018 Honda CR-V 2018 CR-V LX AWD APPLE/ANDROID, RMT START",22995,132456,VANCOUVER,https://www.autotrader.ca/a/honda/cr-v/vancouver/british%20columbia/5_65771901_bs2004817114925/,2025-04-01T05:26:11,2025-04-09T15:35:08,8.423,1
autotrader,65430923,2019 Honda CR-V LX AWD,22995,53000,SURREY,https://www.autotrader.ca/a/honda/cr-v/surrey/british%20columbia/5_65430923_ct200621410013706/,2025-04-01T05:26:11,2025-04-09T15:35:08,8.423,1
autotrader,65823825,2016 Toyota RAV4 AWD 4dr Limited,22995,53158,NEW WESTMINSTER,https://www.autotrader.ca/a/toyota/rav4/new%20westminster/british%20columbia/5_65823825_20210222133848843/,2025-04-01T05:30:53,2025-04-04T15:47:22,3.428,1
autotrader,65840128,2013 Toyota RAV4 XLE,22995,90370,VERNON,https://www.autotrader.ca/a/toyota/rav4/vernon/british%20columbia/5_65840128_20151204144558647/,2025-04-01T05:30:53,2025-04-01T05:30:53,0.0,1
autotrader,65791260,2016 Toyota RAV4 Limited,22995,157745,KAMLOOPS,https://www.autotrader.ca/a/toyota/rav4/kamloops/british%20columbia/5_65791260_ct2005516115341706/,2025-04-01T05:30:53,2025-04-01T05:30:53,0.0,1
autotrader,69181765,"2018 Honda CR-V LX 2WD no accidents, apple/android/Bluetooth alloy",22995,101009,VANCOUVER,https://www.autotrader.ca/a/honda/cr-v/vancouver/british%20columbia/5_69181765_bs2004817114925/,2026-02-24T04:58:38,2026-02-24T04:58:38,0.0,0
autotrader,69353090,2017 Honda CR-V AWD 5dr EX-L - SPACIOUS - CAPABLE!,22995,115855,BURNABY,https://www.autotrader.ca/a/honda/cr-v/burnaby/british%20columbia/5_69353090_20120330161920779/,2026-02-24T04:58:38,2026-02-24T04:58:38,0.0,0
autotrader,69185091,2013 Toyota RAV4 Limited,22995,65348,MISSION,https://www.autotrader.ca/a/toyota/rav4/mission/british%20columbia/5_69185091_20210917144614270/,2026-02-24T04:58:38,2026-02-24T04:58:38,0.0,0
autotrader,65025338,"2017 Toyota RAV4 LIMITED AWD; AUTOMATIC, SUNROOF, AWD, HEATED SEATS",22997,79540,LANGLEY CITY,https://www.autotrader.ca/a/toyota/rav4/langley%20city/british%20columbia/5_65025338_20200715134228750/,2025-04-01T05:30:53,2025-04-09T15:35:08,8.42,1
autotrader,69262966,"2017 Honda CR-V TOURING AWD; AUTOMATIC, PANORAMIC SUNROOF, AWD, HE",22997,127245,LANGLEY CITY,https://www.autotrader.ca/a/honda/cr-v/langley%20city/british%20columbia/5_69262966_20200715134228750/,2026-02-24T04:58:38,2026-02-24T04:58:38,0.0,0
autotrader,65919682,2017 Toyota RAV4 Hybrid SE |Openroad True Price|Service History|Local,22999,131543,PORT MOODY,https://www.autotrader.ca/a/toyota/rav4/port%20moody/british%20columbia/5_65919682_bs200697154451/,2025-04-04T15:47:22,2025-04-07T13:41:28,2.913,1
autotrader,69304536,2017 Mazda CX-5 GS AWD / BACK UP CAMERA / HEATED SEATS!!,22999,124665,NANAIMO,https://www.autotrader.ca/a/mazda/cx-5/nanaimo/british%20columbia/5_69304536_ct200422311759257/,2026-02-24T04:58:38,2026-02-24T04:58:38,0.0,0
autotrader,69404289,2017 Toyota RAV4 | NO ACCIDENTS |,22999,150347,RICHMOND,https://www.autotrader.ca/a/toyota/rav4/richmond/british%20columbia/5_69404289_bs2004826105311/,2026-02-24T04:58:38,2026-02-24T04:58:38,0.0,0
autotrader,19_13034212_,2018 Honda CR-V LX AWD,23000,55000,RICHMOND,https://www.autotrader.ca/a/honda/cr-v/richmond/british%20columbia/19_13034212_/,2025-04-01T05:26:11,2025-04-02T14:43:27,1.387,1
autotrader,19_13050942_,2015 Toyota RAV4 AWD 4dr Limited,23000,96000,SURREY,https://www.autotrader.ca/a/toyota/rav4/surrey/british%20columbia/19_13050942_/,2025-04-01T05:30:53,2025-04-02T14:43:27,1.384,1
autotrader,65242059,2017 Honda CR-V LX,23399,104000,BURNABY,https://www.autotrader.ca/a/honda/cr-v/burnaby/british%20columbia/5_65242059_20230921142344794/,2025-04-01T05:14:40,2025-04-07T13:41:28,6.352,1
autotrader,69291829,2018 Honda CR-V EX AWD | Leather Trimmed Interior | Touchscreen |,23477,123184,KELOWNA,https://www.autotrader.ca/a/honda/cr-v/kelowna/british%20columbia/5_69291829_20240930190045714/,2026-02-24T04:58:38,2026-02-24T04:58:38,0.0,0
autotrader,69089409,2017 Toyota RAV4 LE-Heated Seats | Backup Camera | Lane Assist,23495,80072,BURNABY,https://www.autotrader.ca/a/toyota/rav4/burnaby/british%20columbia/5_69089409_20231114185904344/,2026-02-24T04:58:38,2026-02-24T04:58:38,0.0,0
autotrader,65540663,"2017 Mazda CX-5 GT; AUTOMATIC, SUNROOF, AWD, HEATED SEATS/WHEEL, A",23497,57795,LANGLEY CITY,https://www.autotrader.ca/a/mazda/cx-5/langley%20city/british%20columbia/5_65540663_20200715134228750/,2025-04-01T04:37:11,2025-04-09T15:35:08,8.457,1
autotrader,65613386,"2018 Toyota RAV4 LE AWD; SAFETY SENSE, HEATED SEATS, BACKUP CAMERA",23497,116471,LANGLEY CITY,https://www.autotrader.ca/a/toyota/rav4/langley%20city/british%20columbia/5_65613386_20200715134228750/,2025-04-01T05:30:53,2025-04-09T15:35:08,8.42,1
autotrader,65826947,2016 Toyota RAV4 AWD Limited |OpenRoad True Price |Local | Service,23498,145725,PORT MOODY,https://www.autotrader.ca/a/toyota/rav4/port%20moody/british%20columbia/5_65826947_bs200697154451/,2025-04-01T05:30:53,2025-04-01T05:30:53,0.0,1
autotrader,69382015,2016 Honda CR-V Touring | One Local Owner | AWD |,23585,121216,VICTORIA,https://www.autotrader.ca/a/honda/cr-v/victoria/british%20columbia/5_69382015_ct20044511046681/,2026-02-24T04:58:38,2026-02-24T04:58:38,0.0,0
autotrader,65795186,2016 Toyota RAV4 FWD XLE | No Accidents | Local |,23593,90756,VANCOUVER,https://www.autotrader.ca/a/toyota/rav4/vancouver/british%20columbia/5_65795186_bs200471610440/,2025-04-02T14:43:27,2025-04-09T15:35:08,7.036,1
autotrader,69179168,2016 Toyota RAV4 LE | ONE OWNER,23648,112151,SURREY,https://www.autotrader.ca/a/toyota/rav4/surrey/british%20columbia/5_69179168_20251006155744580/,2026-02-24T04:58:38,2026-02-24T04:58:38,0.0,0
autotrader,69066873,2019 Honda CR-V LX - ONE OWNER | REMOTE START | AWD,23795,146543,KAMLOOPS,https://www.autotrader.ca/a/honda/cr-v/kamloops/british%20columbia/5_69066873_20150604090853019/,2026-02-24T04:58:38,2026-02-24T04:58:38,0.0,0
autotrader,65978692,2017 Mazda CX-5 GT Loaded | Leather | Roof,23828,103910,SURREY,https://www.autotrader.ca/a/mazda/cx-5/surrey/british%20columbia/5_65978692_bs200421111428/,2025-04-09T15:35:08,2025-04-09T15:35:08,0.0,1
autotrader,65873417,2016 Honda CR-V AWD 5dr EX-L | Local | Campus Serviced |,23850,83937,VICTORIA,https://www.autotrader.ca/a/honda/cr-v/victoria/british%20columbia/5_65873417_ct20044511046681/,2025-04-01T05:14:40,2025-04-04T15:47:22,3.439,1
autotrader,69386786,2021 Honda CR-V Sport AWD/ Sunroof/ Cameras,23850,79000,LANGLEY,https://www.autotrader.ca/a/honda/cr-v/langley/british%20columbia/5_69386786_20161117200030468/,2026-02-24T04:58:38,2026-02-24T04:58:38,0.0,0
autotrader,65706434,2017 Honda CR-V Touring AWD,23888,118276,MAPLE RIDGE,https://www.autotrader.ca/a/honda/cr-v/maple%20ridge/british%20columbia/5_65706434_20190524143327158/,2025-04-01T05:14:40,2025-04-09T15:35:08,8.431,1
autotrader,64919640,2016 Toyota RAV4 Hybrid XLE,23888,114147,MAPLE RIDGE,https://www.autotrader.ca/a/toyota/rav4/maple%20ridge/british%20columbia/5_64919640_20240212194007365/,2025-04-01T05:30:53,2025-04-09T15:35:08,8.42,1
autotrader,69271428,"2015 Honda CR-V Touring, Low KMs, Leather, Sunroof, Heated Seats!",23900,123025,SURREY,https://www.autotrader.ca/a/honda/cr-v/surrey/british%20columbia/5_69271428_bs20042414150/,2026-02-24T04:58:38,2026-02-24T04:58:38,0.0,0
autotrader,65698669,"2017 Mazda CX-5 Grand Touring AWD - Heated Seats, Heated Wheel",23916,99384,DUNCAN,https://www.autotrader.ca/a/mazda/cx-5/duncan/british%20columbia/5_65698669_20120802112904665/,2025-04-01T04:37:11,2025-04-09T15:35:08,8.457,1
autotrader,69086786,2017 Honda CR-V AWD 5dr Touring,23980,105455,LANGLEY,https://www.autotrader.ca/a/honda/cr-v/langley/british%20columbia/5_69086786_20110808063216984/,2026-02-24T04:58:38,2026-02-24T04:58:38,0.0,0
autotrader,68071482,2019 Honda CR-V LX,23995,137385,CHILLIWACK,https://www.autotrader.ca/a/honda/cr-v/chilliwack/british%20columbia/5_68071482_20230227145324458/,2026-02-24T04:58:38,2026-02-24T04:58:38,0.0,0
autotrader,65536079,"2017 Honda CR-V TOURING; AUTOMATIC, SUNROOF, AWD, HEATED SEATS/WHE",23997,96653,LANGLEY CITY,https://www.autotrader.ca/a/honda/cr-v/langley%20city/british%20columbia/5_65536079_20200715134228750/,2025-04-01T05:14:40,2025-04-09T15:35:08,8.431,1
autotrader,65769555,2017 Honda CR-V Touring SUV Excellence | AWD Handling | Honda Sens,23998,187867,NANAIMO,https://www.autotrader.ca/a/honda/cr-v/nanaimo/british%20columbia/5_65769555_20250122145155306/,2025-04-01T05:14:40,2025-04-09T15:35:08,8.431,1
autotrader,69173403,"2016 Toyota RAV4 Hybrid Hybrid Limited - Fully Loaded, Leather, Nav, JBL!",23998,163674,BURNABY,https://www.autotrader.ca/a/toyota/rav4/burnaby/british%20columbia/5_69173403_bs2004922114833/,2026-02-24T04:58:38,2026-02-24T04:58:38,0.0,0
autotrader,64919627,2019 Honda CR-V EX-L | AWD | SUNROOF | ADAPTIVE CRUISE | LANE KEEP,23999,128877,SURREY,https://www.autotrader.ca/a/honda/cr-v/surrey/british%20columbia/5_64919627_20160317100357038/,2025-04-01T05:26:11,2025-04-01T05:30:53,0.003,1
autotrader,69333488,2017 Honda CR-V EX / HEATED SEATS / SUNROOF / BACK UP CAMERA,23999,103689,NANAIMO,https://www.autotrader.ca/a/honda/cr-v/nanaimo/british%20columbia/5_69333488_ct200422311759257/,2026-02-24T04:58:38,2026-02-24T04:58:38,0.0,0
autotrader,19_13053555_,2019 Toyota RAV4 AWD Hybrid LE,24000,205000,SURREY,https://www.autotrader.ca/a/toyota/rav4/surrey/british%20columbia/19_13053555_/,2025-04-01T05:30:53,2025-04-09T15:35:08,8.42,1
autotrader,69383832,"2018 Toyota RAV4 AWD LE - Infotainment Touch-Screen, CompuStar",24000,147109,MAPLE RIDGE,https://www.autotrader.ca/a/toyota/rav4/maple%20ridge/british%20columbia/5_69383832_bs200422611523/,2026-02-24T04:58:38,2026-02-24T04:58:38,0.0,0
autotrader,69187505,2018 Honda CR-V Touring | Cross-Traffic Alert | Heated Seats | Bli,24388,93895,PITT MEADOWS,https://www.autotrader.ca/a/honda/cr-v/pitt%20meadows/british%20columbia/5_69187505_ct2004220115210871/,2026-02-24T04:58:38,2026-02-24T04:58:38,0.0,0
autotrader,68833382,"2020 Toyota RAV4 Limited AWD, SUNROOF, FREE 10,000 KM LUBRICO WARRA",24480,191259,VANCOUVER,https://www.autotrader.ca/a/toyota/rav4/vancouver/british%20columbia/5_68833382_20170130165445534/,2026-02-24T04:58:38,2026-02-24T04:58:38,0.0,0
autotrader,65345012,2016 Toyota RAV4 SE,24491,164556,PENTICTON,https://www.autotrader.ca/a/toyota/rav4/penticton/british%20columbia/5_65345012_ct20031117164729478/,2025-04-01T05:30:53,2025-04-09T15:35:08,8.42,1
autotrader,69111988,2022 Honda CR-V LX,24497,151250,SURREY,https://www.autotrader.ca/a/honda/cr-v/surrey/british%20columbia/5_69111988_20200928131312469/,2026-02-24T04:58:38,2026-02-24T04:58:38,0.0,0
autotrader,69201183,2020 Honda CR-V Touring | LEATHER | SUNROOF | NAV | PUSH START | P,24499,152695,COQUITLAM,https://www.autotrader.ca/a/honda/cr-v/coquitlam/british%20columbia/5_69201183_20061113111006678/,2026-02-24T04:58:38,2026-02-24T04:58:38,0.0,0
autotrader,19_13046935_,2017 Honda CR-V AWD 5dr EX-L,24500,88597,NANAIMO,https://www.autotrader.ca/a/honda/cr-v/nanaimo/british%20columbia/19_13046935_/,2025-04-01T05:14:40,2025-04-09T15:35:08,8.431,1
autotrader,68344478,2020 Toyota RAV4 XLE,24500,147000,NEW WESTMINSTER,https://www.autotrader.ca/a/toyota/rav4/new%20westminster/british%20columbia/5_68344478_20250501191535993/,2026-02-24T04:58:38,2026-02-24T04:58:38,0.0,0
autotrader,68966985,2017 Honda CR-V TOURING,24595,138614,PITT MEADOWS,https://www.autotrader.ca/a/honda/cr-v/pitt%20meadows/british%20columbia/5_68966985_bs200446162144/,2026-02-24T04:58:38,2026-02-24T04:58:38,0.0,0
autotrader,61951611,2016 Mazda CX-5 GS,24725,,PORT COQUITLAM,https://www.autotrader.ca/a/mazda/cx-5/port%20coquitlam/british%20columbia/5_61951611_20220923141909660/,2025-04-01T04:37:11,2025-04-09T15:35:08,8.457,1
autotrader,65218006,2018 Toyota RAV4 LE | AWD | Heated Seats | Bluetooth | CD Player,24745,91355,RICHMOND,https://www.autotrader.ca/a/toyota/rav4/richmond/british%20columbia/5_65218006_20070810154514084/,2025-04-01T05:30:53,2025-04-01T05:30:53,0.0,1
autotrader,65392748,2017 Mazda CX-5 GT | AWD | NAV | SUNROOF,24799,90662,COQUITLAM,https://www.autotrader.ca/a/mazda/cx-5/coquitlam/british%20columbia/5_65392748_20061113111006678/,2025-04-01T04:37:11,2025-04-09T15:35:08,8.457,1
autotrader,64855559,2016 Toyota RAV4 Hybrid XLE - No Accident / All Wheel Drive,24800,137273,RICHMOND,https://www.autotrader.ca/a/toyota/rav4/richmond/british%20columbia/5_64855559_20210126164320634/,2025-04-01T05:30:53,2025-04-09T15:35:08,8.42,1
autotrader,65640750,2014 Honda CR-V Touring,24848,64945,NANAIMO,https://www.autotrader.ca/a/honda/cr-v/nanaimo/british%20columbia/5_65640750_20181218190424937/,2025-04-01T05:14:40,2025-04-04T15:47:22,3.439,1
autotrader,68688560,2017 Honda CR-V Touring AWD,24869,106000,LANGLEY,https://www.autotrader.ca/a/honda/cr-v/langley/british%20columbia/5_68688560_20241007194341774/,2026-02-24T04:58:38,2026-02-24T04:58:38,0.0,0
autotrader,65558191,2017 Mazda CX-5 AWD 4dr Auto GT,24888,89183,SURREY,https://www.autotrader.ca/a/mazda/cx-5/surrey/british%20columbia/5_65558191_20160317100357038/,2025-04-01T04:37:11,2025-04-09T15:35:08,8.457,1
autotrader,65742429,2017 Honda CR-V LX AWD Cameras | Heated Mirror | Heated Seats,24888,90517,VANCOUVER,https://www.autotrader.ca/a/honda/cr-v/vancouver/british%20columbia/5_65742429_20130611160037886/,2025-04-01T05:14:40,2025-04-07T13:41:28,6.352,1
autotrader,65786023,2018 Honda CR-V EX-L AWD Honda Approved I Local BC Car I Service H,24888,130794,VANCOUVER,https://www.autotrader.ca/a/honda/cr-v/vancouver/british%20columbia/5_65786023_20130611160037886/,2025-04-04T15:47:22,2025-04-09T15:35:08,4.992,1
autotrader,69255337,2016 Honda CR-V Touring,24888,90641,TRAIL,https://www.autotrader.ca/a/honda/cr-v/trail/british%20columbia/5_69255337_20220802194156536/,2026-02-24T04:58:38,2026-02-24T04:58:38,0.0,0
autotrader,65384405,2017 Honda CR-V EX-L,24900,92295,PORT MOODY,https://www.autotrader.ca/a/honda/cr-v/port%20moody/british%20columbia/5_65384405_bs2004521111731/,2025-04-01T05:14:40,2025-04-04T15:47:22,3.439,1
autotrader,64442210,2017 Honda CR-V EX AWD Serviced and ready for the road! Financing,24900,74512,NORTH VANCOUVER,https://www.autotrader.ca/a/honda/cr-v/north%20vancouver/british%20columbia/5_64442210_20221208041842023/,2025-04-01T05:14:40,2025-04-04T15:47:22,3.439,1
autotrader,65521681,2018 Honda CR-V EX-L AWD,24900,89325,SURREY,https://www.autotrader.ca/a/honda/cr-v/surrey/british%20columbia/5_65521681_bs20042414150/,2025-04-01T05:26:11,2025-04-01T05:30:53,0.003,1
autotrader,69185194,2018 Toyota RAV4 LE | Heated Front Seats | CD Player | 12V Outlet,24900,112812,DUNCAN,https://www.autotrader.ca/a/toyota/rav4/duncan/british%20columbia/5_69185194_ct2006425113832706/,2026-02-24T04:58:38,2026-02-24T04:58:38,0.0,0
autotrader,69265495,2020 Honda CR-V NO ACCIDENT|KEYLESS ENTRY|HEATED SEAT|SUNROOF|APPL,24915,156066,SURREY,https://www.autotrader.ca/a/honda/cr-v/surrey/british%20columbia/5_69265495_bs20076815274/,2026-02-24T04:58:38,2026-02-24T04:58:38,0.0,0
autotrader,65692508,2017 Honda CR-V LX,24980,101974,SURREY,https://www.autotrader.ca/a/honda/cr-v/surrey/british%20columbia/5_65692508_20190415145109816/,2025-04-01T05:14:40,2025-04-09T15:35:08,8.431,1
autotrader,65665405,2018 Honda CR-V EX-L AWD,24980,107429,BURNABY,https://www.autotrader.ca/a/honda/cr-v/burnaby/british%20columbia/5_65665405_bs2006317112029/,2025-04-01T05:26:11,2025-04-01T05:30:53,0.003,1
autotrader,69382441,2015 Toyota RAV4 XLE,24988,57232,KAMLOOPS,https://www.autotrader.ca/a/toyota/rav4/kamloops/british%20columbia/5_69382441_20230203192834902/,2026-02-24T04:58:38,2026-02-24T04:58:38,0.0,0
autotrader,65825729,2020 Honda CR-V LX AWD | Local Vehicle | Campus Serviced |,24990,92169,VICTORIA,https://www.autotrader.ca/a/honda/cr-v/victoria/british%20columbia/5_65825729_ct20044511046681/,2025-04-01T05:26:11,2025-04-09T15:35:08,8.423,1
autotrader,65900418,2015 Toyota RAV4 AWD Limited | Clean History |,24990,85388,VICTORIA,https://www.autotrader.ca/a/toyota/rav4/victoria/british%20columbia/5_65900418_bs20062610126/,2025-04-02T14:43:27,2025-04-09T15:35:08,7.036,1
autotrader,65946884,2017 Honda CR-V AWD EX! FINANCING AVAILABLE! LOCAL VEHICLE!,24990,112790,PORT COQUITLAM,https://www.autotrader.ca/a/honda/cr-v/port%20coquitlam/british%20columbia/5_65946884_bs20044895840/,2025-04-04T15:47:22,2025-04-09T15:35:08,4.992,1
autotrader,65420976,2017 Honda CR-V EX,24995,151680,CAMPBELL RIVER,https://www.autotrader.ca/a/honda/cr-v/campbell%20river/british%20columbia/5_65420976_20200424144229995/,2025-04-01T05:14:40,2025-04-09T15:35:08,8.431,1
autotrader,65806878,2018 Honda CR-V Touring AWD,24995,124553,NANAIMO,https://www.autotrader.ca/a/honda/cr-v/nanaimo/british%20columbia/5_65806878_20221005201416273/,2025-04-01T05:26:11,2025-04-09T15:35:08,8.423,1
autotrader,64288518,2013 Toyota RAV4 AWD 4dr XLE,24995,53356,BLACK CREEK,https://www.autotrader.ca/a/toyota/rav4/black%20creek/british%20columbia/5_64288518_20161123160007814/,2025-04-01T05:30:53,2025-04-09T15:35:08,8.42,1
autotrader,65952253,2016 Toyota RAV4 LE,24995,126374,KELOWNA,https://www.autotrader.ca/a/toyota/rav4/kelowna/british%20columbia/5_65952253_20170105223503536/,2025-04-07T13:41:28,2025-04-07T13:41:28,0.0,1
autotrader,66605544,"2019 Honda CR-V LX - No Accidents, Heated Seats, AWD",24995,179782,NANAIMO,https://www.autotrader.ca/a/honda/cr-v/nanaimo/british%20columbia/5_66605544_20120802110101668/,2026-02-24T04:58:38,2026-02-24T04:58:38,0.0,0
autotrader,68777376,2019 Honda CR-V LX | BC VEHICLE | ONE OWNER |,24995,118418,PENTICTON,https://www.autotrader.ca/a/honda/cr-v/penticton/british%20columbia/5_68777376_ct2006816111856706/,2026-02-24T04:58:38,2026-02-24T04:58:38,0.0,0
autotrader,68210440,2018 Honda CR-V Touring! HEATED FRONT SEATS! BLUETOOTH! BACK UP CA,24995,122123,MAPLE RIDGE,https://www.autotrader.ca/a/honda/cr-v/maple%20ridge/british%20columbia/5_68210440_20250801185528740/,2026-02-24T04:58:38,2026-02-24T04:58:38,0.0,0
autotrader,69225434,"2021 Honda CR-V LX AWD APPLE/ANDROID/RMT START, ALLOYS",24995,150155,VANCOUVER,https://www.autotrader.ca/a/honda/cr-v/vancouver/british%20columbia/5_69225434_bs2004817114925/,2026-02-24T04:58:38,2026-02-24T04:58:38,0.0,0
autotrader,69047072,"2017 Toyota RAV4 SE - THE PERFECT MIX OF PERFORMANCE, RELIABILITY,",24995,143510,100 MILE HOUSE,https://www.autotrader.ca/a/toyota/rav4/100%20mile%20house/british%20columbia/5_69047072_20250731143439781/,2026-02-24T04:58:38,2026-02-24T04:58:38,0.0,0
autotrader,65724634,2017 Mazda CX-5,24997,130402,KELOWNA,https://www.autotrader.ca/a/mazda/cx-5/kelowna/british%20columbia/5_65724634_20240930190045714/,2025-04-01T04:37:11,2025-04-09T15:35:08,8.457,1
autotrader,65803178,"2018 Honda CR-V LX - Low Km's, Heated Seats - $116.18 /Wk",24997,108900,ABBOTSFORD,https://www.autotrader.ca/a/honda/cr-v/abbotsford/british%20columbia/5_65803178_20171107130415834/,2025-04-01T05:26:11,2025-04-09T15:35:08,8.423,1
autotrader,65854761,2016 Honda CR-V AWD 5dr Touring,24999,95333,SURREY,https://www.autotrader.ca/a/honda/cr-v/surrey/british%20columbia/5_65854761_20170605130000785/,2025-04-02T14:43:27,2025-04-09T15:35:08,7.036,1
autotrader,68908517,2020 Honda CR-V Sport AWD,24999,160294,PENTICTON,https://www.autotrader.ca/a/honda/cr-v/penticton/british%20columbia/5_68908517_ct20043812051706/,2026-02-24T04:58:38,2026-02-24T04:58:38,0.0,0
autotrader,65797673,2017 Honda CR-V EX-L AWD,25980,64275,BURNABY,https://www.autotrader.ca/a/honda/cr-v/burnaby/british%20columbia/5_65797673_bs2006317112029/,2025-04-01T05:14:40,2025-04-01T05:24:44,0.007,1
autotrader,65653550,2017 Honda CR-V 4WD Touring - No Accidents / BC Vehicle / Sunroof,27500,117696,PENTICTON,https://www.autotrader.ca/a/honda/cr-v/penticton/british%20columbia/5_65653550_ct2004326103829817/,2025-04-01T05:14:40,2025-04-01T05:24:44,0.007,1
autotrader,65658262,2017 Honda CR-V | Cruise Control | Apple CarPlay | Android Auto!,27874,105387,VICTORIA,https://www.autotrader.ca/a/honda/cr-v/victoria/british%20columbia/5_65658262_20140304153549160/,2025-04-01T05:14:40,2025-04-01T05:24:44,0.007,1
autotrader,65082114,2017 Honda CR-V EX-Carplay | Android Auto | Honda Sensing,28750,19500,BURNABY,https://www.autotrader.ca/a/honda/cr-v/burnaby/british%20columbia/5_65082114_20231114185904344/,2025-04-01T05:14:40,2025-04-01T05:24:44,0.007,1
autotrader,65497892,2017 Honda CR-V Touring AWD LOW KMS I Local BC Car I MINT,29877,38000,VANCOUVER,https://www.autotrader.ca/a/honda/cr-v/vancouver/british%20columbia/5_65497892_20130611160037886/,2025-04-01T05:14:40,2025-04-01T05:24:44,0.007,1
autotrader,65623525,2017 Honda CR-V AWD 5dr Touring,29888,94720,SURREY,https://www.autotrader.ca/a/honda/cr-v/surrey/british%20columbia/5_65623525_20080403155416698/,2025-04-01T05:14:40,2025-04-01T05:24:44,0.007,1
